player_id,player_name,season,overall_pick,organization,organization_type,height_wo_shoes,weight,wingspan,bmi,total_pts,total_games_with_points,pts_per_game,total_assists,total_games_with_assists,assists_per_game,total_rebounds,total_games_with_rebounds,rebounds_per_game
79299,Clifton McNeeley,1947,1,Texas-El Paso,College/University,,,,,,,,,,,,,
78109,Glen Selbo,1947,2,Wisconsin,College/University,,,,,,,,,,,,,
76649,Eddie Ehlers,1947,3,Purdue,College/University,,,,,,,,,,,,,
79302,Walt Dropo,1947,4,Connecticut,College/University,,,,,,,,,,,,,
77048,Dick Holub,1947,5,Long Island-Brooklyn,College/University,,,,,,,,,,,,,
76479,Francis Crossin,1947,6,Pennsylvania,College/University,,,,,,,,,,,,,
79311,Jack Underman,1947,7,Ohio State,College/University,,,,,,,,,,,,,
77088,Paul Huston,1947,8,Ohio State,College/University,,,,,,,,,,,,,
77752,Dick O'Keefe,1947,9,Santa Clara,College/University,,,,,,,,,,,,,
79321,Larry Killick,1947,10,Vermont,College/University,,,,,,,,,,,,,
78353,Andy Tonkovich,1948,1,Marshall,College/University,,,,,,,,,,,,,
79374,George Kok,1948,2,Arkansas,College/University,,,,,,,,,,,,,
79327,George Hauptfuhrer,1948,3,Harvard,College/University,,,,,,,,,,,,,
78076,Dolph Schayes,1948,4,New York University,College/University,,,,,,,,,,,,,
77590,Ed Mikan,1948,5,DePaul,College/University,,,,,,,,,,,,,
76298,Walter Budko,1948,6,Columbia,College/University,,,,,,,,,,,,,
79351,Robert Gale,1948,7,Cornell,College/University,,,,,,,,,,,,,
78573,Ward Williams,1948,8,Indiana,College/University,,,,,,,,,,,,,
79378,Chuck Hanger,1948,9,California,College/University,,,,,,,,,,,,,
78453,Bobby Wanzer,1948,10,Seton Hall,College/University,,,,,,,,,,,,,
77918,Don Ray,1948,11,Western Kentucky,College/University,,,,,,,,,,,,,
77713,Jack Nichols,1948,12,Washington,College/University,,,,,,,,,,,,,
78124,Howie Shannon,1949,1,Kansas State,College/University,,,,,,,,,,,,,
76897,Alex Groza,1949,2,Kentucky,College/University,,,,,,,,,,,,,
76959,Bob Harris,1949,3,Oklahoma State,College/University,,,,,,,,,,,,,
77346,Tony Lavelli,1949,4,Yale,College/University,,,,,,,,,,,,,
76779,Vern Gardner,1949,5,Utah,College/University,,,,,,,,,,,,,
77392,Ron Livingstone,1949,6,Wyoming,College/University,,,,,,,,,,,,,
77537,Dick McGuire,1949,7,St. John's (NY),College/University,,,,,,,,,,,,,
77199,Wallace Jones,1949,8,Kentucky,College/University,,,,,,,,,,,,,
77249,Jack Kerris,1949,9,Loyola-Chicago,College/University,,,,,,,,,,,,,
78063,Frank Saul,1949,10,Seton Hall,College/University,,,,,,,,,,,,,
78125,Charlie Share,1950,1,Bowling Green,College/University,,,,,,,,,,,,,
77933,Don Rehfeldt,1950,2,Wisconsin,College/University,,,,,,,,,,,,,
600003,Bob Cousy,1950,3,Holy Cross,College/University,,,,,,,,,,,,,
78086,Dick Schnittker,1950,4,Ohio State,College/University,,,,,,,,,,,,,
76744,Larry Foust,1950,5,La Salle,College/University,,,,,,,,,,,,,
79437,Irwin Dambrot,1950,6,City College of New York,College/University,,,,,,,,,,,,,
78628,George Yardley,1950,7,Stanford,College/University,,,,,,,,,,,,,
77347,Bob Lavoy,1950,8,Western Kentucky,College/University,,,,,,,,,,,,,
77559,Joe McNamee,1950,9,San Francisco,College/University,,,,,,,,,,,,,
77773,Kevin O'Shea,1950,10,Notre Dame,College/University,,,,,,,,,,,,,
77402,Don Lofgran,1950,11,San Francisco,College/University,,,,,,,,,,,,,
79526,Gene Melchiorre,1951,1,Bradley,College/University,,,,,,,,,,,,,
77089,Mel Hutchins,1951,2,Brigham Young,College/University,,,,,,,,,,,,,
79544,Marcus Freiberger,1951,3,Oklahoma,College/University,,,,,,,,,,,,,
78163,Zeke Sinicola,1951,4,Niagara,College/University,,,,,,,,,,,,,
77513,John McConathy,1951,5,Northwestern State,College/University,,,,,,,,,,,,,
78187,Ed Smith,1951,6,Harvard,College/University,,,,,,,,,,,,,
76114,Ernie Barrett,1951,7,Kansas State,College/University,,,,,,,,,,,,,
77912,Sam Ranzino,1951,8,North Carolina State,College/University,,,,,,,,,,,,,
78278,Don Sunderlage,1951,9,Illinois,College/University,,,,,,,,,,,,,
78616,Mark Workman,1952,1,West Virginia,College/University,,,,,,,,,,,,,
76081,Jim Baechtold,1952,2,Eastern Kentucky,College/University,,,,,,,,,,,,,
76894,Dick Groat,1952,3,Duke,College/University,,,,,,,,,,,,,
79618,Joe Dean,1952,4,Louisiana State,College/University,,,,,,,,,,,,,
77868,Ralph Polson,1952,5,Whitworth,College/University,,,,,,,,,,,,,
79570,Bill Stauffer,1952,6,Missouri,College/University,,,,,,,,,,,,,
77397,Bob Lochmueller,1952,7,Louisville,College/University,,,,,,,,,,,,,
79607,Chuck Darling,1952,8,Iowa,College/University,,,,,,,,,,,,,
77414,Clyde Lovellette,1952,9,Kansas,College/University,,,,,,,,,,,,,
76704,Ray Felix,1953,1,Long Island-Brooklyn,College/University,,,,,,,,,,,,,
77062,Bob Houbregs,1953,2,Washington,College/University,,,,,,,,,,,,,
77624,Jack Molinas,1953,3,Columbia,College/University,,,,,,,,,,,,,
77932,Richie Regan,1953,4,Seton Hall,College/University,,,,,,,,,,,,,
77907,Frank Ramsey,1953,5,Kentucky,College/University,,,,,,,,,,,,,
77695,Jim Neal,1953,6,Wofford,College/University,,,,,,,,,,,,,
76760,Jim Fritsche,1953,7,Hamline,College/University,,,,,,,,,,,,,
78113,Frank Selvy,1954,1,Furman,College/University,,,,,,,,,,,,,
77847,Bob Pettit,1954,2,Louisiana State,College/University,,,,,,,,,,,,,
78142,Gene Shue,1954,3,Maryland,College/University,,,,,,,,,,,,,
78020,Dick Rosenthal,1954,4,Notre Dame,College/University,,,,,,,,,,,,,
77791,Togo Palazzi,1954,5,Holy Cross,College/University,,,,,,,,,,,,,
77248,Johnny Kerr,1954,6,Illinois,College/University,,,,,,,,,,,,,
77467,Tom Marshall,1954,7,Western Kentucky,College/University,,,,,,,,,,,,,
78380,Jack Turner,1954,8,Western Kentucky,College/University,,,,,,,,,,,,,
77219,Ed Kalafat,1954,9,Minnesota,College/University,,,,,,,,,,,,,
77955,Dick Ricketts,1955,1,Duquesne,College/University,,,,,,,,,,,,,
600016,Maurice Stokes,1955,2,Saint Francis (PA),College/University,,,,,,,,,,,,,
77409,Jim Loscutoff,1955,3,Oregon,College/University,,,,,,,,,,,,,
78106,Ken Sears,1955,4,Santa Clara,College/University,,,,,,,,,,,,,
76429,Ed Conlin,1955,5,Fordham,College/University,,,,,,,,,,,,,
77055,Johnny Horan,1955,6,Dayton,College/University,,,,,,,,,,,,,
76877,Si Green,1956,1,Duquesne,College/University,,,,,,,,,,,,,
78049,Bill Russell,1956,2,San Francisco,College/University,,,,,,,,,,,,,
77818,Jim Paxson,1956,3,Dayton,College/University,,,,,,,,,,,,,
78128,Ron Shavlik,1956,4,North Carolina State,College/University,,,,,,,,,,,,,
77049,Joe Holup,1956,5,George Washington,College/University,,,,,,,,,,,,,
78216,Ron Sobie,1956,6,DePaul,College/University,,,,,,,,,,,,,
77352,Hal Lear,1956,7,Temple,College/University,,,,,,,,,,,,,
77082,Rod Hundley,1957,1,West Virginia,College/University,,,,,,,,,,,,,
78391,Charlie Tyra,1957,2,Louisville,College/University,,,,,,,,,,,,,
77311,Jim Krebs,1957,3,Southern Methodist,College/University,,,,,,,,,,,,,
78529,Win Wilfong,1957,4,Memphis,College/University,,,,,,,,,,,,,
77500,Brendan McCann,1957,5,St. Bonaventure,College/University,,,,,,,,,,,,,
78018,Lennie Rosenbluth,1957,6,North Carolina,College/University,,,,,,,,,,,,,
76203,George H. Bon Salle,1957,7,Illinois,College/University,,,,,,,,,,,,,
77196,Sam Jones,1957,8,North Carolina Central,College/University,,,,,,,,,,,,,
76127,Elgin Baylor,1958,1,Seattle,College/University,,,,,,,,,,,,,
76546,Archie Dees,1958,2,Indiana,College/University,,,,,,,,,,,,,
76694,Mike Farmer,1958,3,San Francisco,College/University,,,,,,,,,,,,,
76245,Pete Brennan,1958,4,North Carolina,College/University,,,,,,,,,,,,,
76566,Connie Dierking,1958,5,Cincinnati,College/University,,,,,,,,,,,,,
76774,Dave Gambee,1958,6,Oregon State,College/University,,,,,,,,,,,,,
78283,Bennie Swain,1958,7,Texas Southern,College/University,,,,,,,,,,,,,
76206,Bob Boozer,1959,1,Kansas State,College/University,,,,,,,,,,,,,
77070,Bailey Howell,1959,2,Mississippi State,College/University,,,,,,,,,,,,,
76977,Tom Hawkins,1959,3,Notre Dame,College/University,,,,,,,,,,,,,
76107,Dick Barnett,1959,4,Tennessee State,College/University,,,,,,,,,,,,,
76867,Johnny Green,1959,5,Michigan State,College/University,,,,,,,,,,,,,
77954,John Richter,1959,6,North Carolina State,College/University,,,,,,,,,,,,,
600015,Oscar Robertson,1960,1,Cincinnati,College/University,,,,,,,,,,,,,
78497,Jerry West,1960,2,West Virginia,College/University,,,,,,,,,,,,,
77093,Darrall Imhoff,1960,3,California,College/University,,,,,,,,,,,,,
77639,Jackie Moreland,1960,4,Louisiana Tech,College/University,,,,,,,,,,,,,
78121,Lee Shaffer,1960,5,North Carolina,College/University,,,,,,,,,,,,,
78530,Lenny Wilkens,1960,6,Providence,College/University,,,,,,,,,,,,,
80142,Al Bunge,1960,7,Maryland,College/University,,,,,,,,,,,,,
78060,Thomas Sanders,1960,8,New York University,College/University,,,,,,,,,,,,,
76144,Walt Bellamy,1961,1,Indiana,College/University,,,,,,,,,,,,,
78260,Tom Stith,1961,2,St. Bonaventure,College/University,,,,,,,,,,,,,
78147,Larry Siegfried,1961,3,Ohio State,College/University,,,,,,,,,,,,,
78100,Ray Scott,1961,4,Portland,College/University,,,,,,,,,,,,,
78630,Wayne Yates,1961,5,Memphis,College/University,,,,,,,,,,,,,
78458,Ben Warley,1961,6,Tennessee State,College/University,,,,,,,,,,,,,
77584,Tom Meschery,1961,7,St. Mary's (CA),College/University,,,,,,,,,,,,,
77025,Cleo Hill,1961,8,Winston-Salem State,College/University,,,,,,,,,,,,,
77855,Gary Phillips,1961,9,Houston,College/University,,,,,,,,,,,,,
77531,Bill McGill,1962,1,Utah,College/University,,,,,,,,,,,,,
77038,Paul Hogue,1962,2,Cincinnati,College/University,,,,,,,,,,,,,
76133,Zelmo Beaty,1962,3,Prairie View A&M,College/University,,,,,,,,,,,,,
76382,Len Chappell,1962,4,Wake Forest,College/University,,,,,,,,,,,,,
77023,Wayne Hightower,1962,5,Kansas,College/University,,,,,,,,,,,,,
76663,Leroy Ellis,1962,6,St. John's (NY),College/University,,,,,,,,,,,,,
76970,John Havlicek,1962,7,Ohio State,College/University,,,,,,,,,,,,,
77015,Art Heyman,1963,1,Duke,College/University,,,,,,,,,,,,,
78335,Rod Thorn,1963,2,West Virginia,College/University,,,,,,,,,,,,,
600001,Nate Thurmond,1963,3,Bowling Green,College/University,,,,,,,,,,,,,
77596,Eddie Miles,1963,4,Seattle,College/University,,,,,,,,,,,,,
78455,Gerry Ward,1963,5,Boston College,College/University,,,,,,,,,,,,,
77051,Tom Hoover,1963,6,Villanova,College/University,,,,,,,,,,,,,
78270,Roger Strickland,1963,7,Jacksonville,College/University,,,,,,,,,,,,,
80335,Bill Green,1963,8,Colorado State,College/University,,,,,,,,,,,,,
76105,Jim Barnes,1964,1,Texas-El Paso,College/University,,,,,,,,,,,,,
76329,Joe Caldwell,1964,2,Arizona State,College/University,,,,,,,,,,,,,
76227,Gary Bradds,1964,3,Ohio State,College/University,,,,,,,,,,,,,
77103,Lucious Jackson,1964,4,Texas-Pan American,College/University,,,,,,,,,,,,,
77662,Jeff Mullins,1964,5,Duke,College/University,,,,,,,,,,,,,
77307,Barry Kramer,1964,6,New York University,College/University,,,,,,,,,,,,,
76458,Mel Counts,1964,7,Oregon State,College/University,,,,,,,,,,,,,
77012,Fred Hetzel,1965,1,Davidson,College/University,,,,,,,,,,,,,
600013,Rick Barry,1965,2,Miami (FL),College/University,,,,,,,,,,,,,
78238,Dave Stallworth,1965,3,Wichita State,College/University,,,,,,,,,,,,,
78173,Jerry Sloan,1965,4,Evansville,College/University,,,,,,,,,,,,,
76487,Billy Cunningham,1965,5,North Carolina,College/University,,,,,,,,,,,,,
78466,Jim Washington,1965,6,Villanova,College/University,,,,,,,,,,,,,
76219,Nate Bowman,1965,7,Wichita State,College/University,,,,,,,,,,,,,
80471,Ollie Johnson,1965,8,San Francisco,College/University,,,,,,,,,,,,,
78045,Cazzie Russell,1966,1,Michigan,College/University,,,,,,,,,,,,,
76166,Dave Bing,1966,2,Syracuse,College/University,,,,,,,,,,,,,
77357,Clyde Lee,1966,3,Vanderbilt,College/University,,,,,,,,,,,,,
77074,Lou Hudson,1966,4,Minnesota,College/University,,,,,,,,,,,,,
77463,Jack Marin,1966,5,Duke,College/University,,,,,,,,,,,,,
78495,Walt Wesley,1966,6,Kansas,College/University,,,,,,,,,,,,,
76376,Jerry Chambers,1966,7,Utah,College/University,,,,,,,,,,,,,
76106,Jim Barnett,1966,8,Oregon,College/University,,,,,,,,,,,,,
76908,Matt Guokas,1966,9,Saint Joseph's,College/University,,,,,,,,,,,,,
78081,Dave Schellhase,1966,10,Purdue,College/University,,,,,,,,,,,,,
78439,Jimmy Walker,1967,1,Providence,College/University,,,,,,,,,,,,,
600006,Earl Monroe,1967,2,Winston-Salem State,College/University,,,,,,,,,,,,,
76965,Clem Haskins,1967,3,Western Kentucky,College/University,,,,,,,,,,,,,
76592,Lloyd Dove,1967,4,St. John's (NY),College/University,,,,,,,,,,,,,
76750,Walt Frazier,1967,5,Southern Illinois,College/University,,,,,,,,,,,,,
78372,Al Tucker,1967,6,Oklahoma Baptist,College/University,,,,,,,,,,,,,
77962,Pat Riley,1967,7,Kentucky,College/University,,,,,,,,,,,,,
78617,Tom Workman,1967,8,Seattle,College/University,,,,,,,,,,,,,
76502,Mel Daniels,1967,9,New Mexico,College/University,,,,,,,,,,,,,
77342,Dave Lattin,1967,10,Texas-El Paso,College/University,,,,,,,,,,,,,
76843,Mal Graham,1967,11,New York University,College/University,,,,,,,,,,,,,
77921,Craig Raymond,1967,12,Brigham Young,College/University,,,,,,,,,,,,,
76979,Elvin Hayes,1968,1,Houston,College/University,,,,,,,,,,,,,
78392,Wes Unseld,1968,2,Louisville,College/University,,,,,,,,,,,,,
77227,Bob Kauffman,1968,3,Guilford,College/University,,,,,,,,,,,,,
76192,Tom Boerwinkle,1968,4,Tennessee,College/University,,,,,,,,,,,,,
76002,Zaid Abdul-Aziz,1968,5,Iowa State,College/University,,,,,,,,,,,,,
77636,Otto Moore,1968,6,Texas-Pan American,College/University,,,,,,,,,,,,,
77815,Charlie Paulk,1968,7,Northeastern State,College/University,,,,,,,,,,,,,
76883,Gary Gregor,1968,8,South Carolina,College/University,,,,,,,,,,,,,
78567,Ron Williams,1968,9,West Virginia,College/University,,,,,,,,,,,,,
77061,Wilmer Hosket,1968,10,Ohio State,College/University,,,,,,,,,,,,,
77013,Bill Hewitt,1968,11,Southern California,College/University,,,,,,,,,,,,,
76379,Don Chaney,1968,12,Houston,College/University,,,,,,,,,,,,,
76951,Skip Harlicka,1968,13,South Carolina,College/University,,,,,,,,,,,,,
76922,Shaler Halimon,1968,14,Utah State,College/University,,,,,,,,,,,,,
76003,Kareem Abdul-Jabbar,1969,1,California-Los Angeles,College/University,,,,,,,,,,,,,
78432,Neal Walk,1969,2,Florida,College/University,,,,,,,,,,,,,
76027,Lucius Allen,1969,3,California-Los Angeles,College/University,,,,,,,,,,,,,
76603,Terry Driscoll,1969,4,Boston College,College/University,,,,,,,,,,,,,
76339,Larry Cannon,1969,5,La Salle,College/University,,,,,,,,,,,,,
78202,Bingo Smith,1969,6,Tulsa,College/University,,,,,,,,,,,,,
77878,Bob Portman,1969,7,Creighton,College/University,,,,,,,,,,,,,
76815,Herm Gilliam,1969,8,Purdue,College/University,,,,,,,,,,,,,
78510,Jojo White,1969,9,Kansas,College/University,,,,,,,,,,,,,
76130,Butch Beard,1969,10,Louisville,College/University,,,,,,,,,,,,,
78461,Johnny Warren,1969,11,St. John's (NY),College/University,,,,,,,,,,,,,
77505,Willie McCarter,1969,12,Drake,College/University,,,,,,,,,,,,,
77747,Carlos Ogden,1969,13,Santa Clara,College/University,,,,,,,,,,,,,
76531,Mike Davis,1969,14,Virginia Union,College/University,,,,,,,,,,,,,
77973,Rick Roberson,1969,15,Cincinnati,College/University,,,,,,,,,,,,,
600005,Bob Lanier,1970,1,St. Bonaventure,College/University,,,,,,,,,,,,,
78350,Rudy Tomjanovich,1970,2,Michigan,College/University,,,,,,,,,,,,,
77459,Pete Maravich,1970,3,Louisiana State,College/University,,,,,,,,,,,,,
76462,Dave Cowens,1970,4,Florida State,College/University,,,,,,,,,,,,,
77326,Sam Lacey,1970,5,New Mexico State,College/University,,,,,,,,,,,,,
76055,Jim Ard,1970,6,Cincinnati,College/University,,,,,,,,,,,,,
77152,John Johnson,1970,7,Iowa,College/University,,,,,,,,,,,,,
77844,Geoff Petrie,1970,8,Princeton,College/University,,,,,,,,,,,,,
77147,George Johnson,1970,9,Stephen F. Austin,College/University,,,,,,,,,,,,,
77066,Greg Howard,1970,10,New Mexico,College/University,,,,,,,,,,,,,
76419,Jimmy Collins,1970,11,New Mexico State,College/University,,,,,,,,,,,,,
77000,Al Henry,1970,12,Wisconsin,College/University,,,,,,,,,,,,,
77554,Jim McMillian,1970,13,Columbia,College/University,,,,,,,,,,,,,
78397,John Vallely,1970,14,California-Los Angeles,College/University,,,,,,,,,,,,,
77080,John Hummer,1970,15,Princeton,College/University,,,,,,,,,,,,,
76755,Gary Freeman,1970,16,Oregon State,College/University,,,,,,,,,,,,,
77884,Mike Price,1970,17,Illinois,College/University,,,,,,,,,,,,,
76348,Austin Carr,1971,1,Notre Dame,College/University,,,,,,,,,,,,,
78520,Sidney Wicks,1971,2,California-Los Angeles,College/University,,,,,,,,,,,,,
78188,Elmore Smith,1971,3,Kentucky State,College/University,,,,,,,,,,,,,
76622,Ken Durrett,1971,4,La Salle,College/University,,,,,,,,,,,,,
78366,George Trapp,1971,5,Long Beach State,College/University,,,,,,,,,,,,,
76272,Fred Brown,1971,6,Iowa,College/University,,,,,,,,,,,,,
77570,Cliff Meely,1971,7,Colorado,College/University,,,,,,,,,,,,,
77028,Darnell Hillman,1971,8,San Jose State,College/University,,,,,,,,,,,,,
77413,Stan Love,1971,9,Oregon,College/University,,,,,,,,,,,,,
76825,Clarence Glover,1971,10,Western Kentucky,College/University,,,,,,,,,,,,,
78028,Curtis Rowe,1971,11,California-Los Angeles,College/University,,,,,,,,,,,,,
81307,Dana Lewis,1971,12,Tulsa,College/University,,,,,,,,,,,,,
76402,Jim Cleamons,1971,13,Ohio State,College/University,,,,,,,,,,,,,
78000,John Roche,1971,14,South Carolina,College/University,,,,,,,,,,,,,
77540,Kenny McIntosh,1971,15,Eastern Michigan,College/University,,,,,,,,,,,,,
77578,Dean Meminger,1971,16,Marquette,College/University,,,,,,,,,,,,,
81370,Collis Jones,1971,17,Notre Dame,College/University,,,,,,,,,,,,,
77475,Larue Martin,1972,1,Loyola-Chicago,College/University,,,,,,,,,,,,,
77498,Bob McAdoo,1972,2,North Carolina,College/University,,,,,,,,,,,,,
76521,Double D Davis,1972,3,Houston,College/University,,,,,,,,,,,,,
76330,Corky Calhoun,1972,4,Pennsylvania,College/University,,,,,,,,,,,,,
76222,Fred Boyd,1972,5,Oregon State,College/University,,,,,,,,,,,,,
77365,Russell Lee,1972,6,Marshall,College/University,,,,,,,,,,,,,
78239,Isaac Stallworth,1972,7,Kansas,College/University,,,,,,,,,,,,,
77960,Tom Riker,1972,8,South Carolina,College/University,,,,,,,,,,,,,
77688,Bob Nash,1972,9,Hawaii,College/University,,,,,,,,,,,,,
78500,Paul Westphal,1972,10,Southern California,College/University,,,,,,,,,,,,,
78157,Ralph Simpson,1972,11,Michigan State,College/University,,,,,,,,,,,,,
76681,Julius Erving,1972,12,Massachusetts,College/University,,,,,,,,,,,,,
76853,Travis Grant,1972,13,Kentucky State,College/University,,,,,,,,,,,,,
76421,Doug Collins,1973,1,Illinois State,College/University,,,,,,,,,,,,,
76248,Jim Brewer,1973,2,Minnesota,College/University,,,,,,,,,,,,,
76568,Ernie DiGregorio,1973,3,Providence,College/University,,,,,,,,,,,,,
76873,Mike Green,1973,4,Louisiana Tech,College/University,,,,,,,,,,,,,
78467,Kermit Washington,1973,5,American,College/University,,,,,,,,,,,,,
77914,Ed Ratleff,1973,6,Long Beach State,College/University,,,,,,,,,,,,,
76140,Ron Behagen,1973,7,Minnesota,College/University,,,,,,,,,,,,,
76095,Mike Bantom,1973,8,Saint Joseph's,College/University,,,,,,,,,,,,,
77182,Dwight Jones,1973,9,Houston,College/University,,,,,,,,,,,,,
76276,John Brown,1973,10,Missouri,College/University,,,,,,,,,,,,,
81593,Kevin Joyce,1973,11,South Carolina,College/University,,,,,,,,,,,,,
77323,Kevin Kunnert,1973,12,Iowa,College/University,,,,,,,,,,,,,
78475,Nick Weatherspoon,1973,13,Illinois,College/University,,,,,,,,,,,,,
76529,Mel Davis,1973,14,St. John's (NY),College/University,,,,,,,,,,,,,
81718,Barry Parkhill,1973,15,Virginia,College/University,,,,,,,,,,,,,
77689,Swen Nater,1973,16,California-Los Angeles,College/University,,,,,,,,,,,,,
76594,Steve Downing,1973,17,Indiana,College/University,,,,,,,,,,,,,
81622,Raymond Lewis,1973,18,Cal State-Los Angeles,College/University,,,,,,,,,,,,,
78450,Bill Walton,1974,1,California-Los Angeles,College/University,,,,,,,,,,,,,
76104,Marvin Barnes,1974,2,Providence,College/University,,,,,,,,,,,,,
76305,Tom Burleson,1974,3,North Carolina State,College/University,,,,,,,,,,,,,
78143,John Shumate,1974,4,Notre Dame,College/University,,,,,,,,,,,,,
77193,Bobby Jones,1974,5,North Carolina,College/University,,,,,,,,,,,,,
78482,Scott Wedman,1974,6,Colorado,College/University,,,,,,,,,,,,,
76996,Tom Henderson,1974,7,Hawaii,College/University,,,,,,,,,,,,,
78047,Campy Russell,1974,8,Michigan,College/University,,,,,,,,,,,,,
77553,Tom McMillen,1974,9,Maryland,College/University,,,,,,,,,,,,,
78217,Mike Sojourner,1974,10,Utah,College/University,,,,,,,,,,,,,
78532,Jamaal Wilkes,1974,11,California-Los Angeles,College/University,,,,,,,,,,,,,
78600,Brian Winters,1974,12,South Carolina,College/University,,,,,,,,,,,,,
600010,Len Elmore,1974,13,Maryland,College/University,,,,,,,,,,,,,
77420,Maurice Lucas,1974,14,Marquette,College/University,,,,,,,,,,,,,
76634,Al Eberhard,1974,15,Missouri,College/University,,,,,,,,,,,,,
77869,Cliff Pondexter,1974,16,Long Beach State,College/University,,,,,,,,,,,,,
77525,Glenn McDonald,1974,17,Long Beach State,College/University,,,,,,,,,,,,,
76263,Gary Brokaw,1974,18,Notre Dame,College/University,,,,,,,,,,,,,
78326,David Thompson,1975,1,North Carolina State,College/University,,,,,,,,,,,,,
77586,Dave Meyers,1975,2,California-Los Angeles,College/University,,,,,,,,,,,,,
78481,Marvin Webster,1975,3,Morgan State,College/University,,,,,,,,,,,,,
76011,Alvan Adams,1975,4,Oklahoma,College/University,,,,,,,,,,,,,
76539,Darryl Dawkins,1975,5,Maynard Evans,High School,,,,,,,,,,,,,
77043,Lionel Hollins,1975,6,Arizona State,College/University,,,,,,,,,,,,,
77235,Rich Kelley,1975,7,Stanford,College/University,,,,,,,,,,,,,
76252,Junior Bridgeman,1975,8,Louisville,College/University,,,,,,,,,,,,,
78138,Gene Short,1975,9,Jackson State,College/University,,,,,,,,,,,,,
77997,Bill Robinzine,1975,10,DePaul,College/University,,,,,,,,,,,,,
77582,Joe Meriweather,1975,11,Southern Illinois,College/University,,,,,,,,,,,,,
77759,Frank Oleynick,1975,12,Seattle,College/University,,,,,,,,,,,,,
76165,Bob Bigelow,1975,13,Pennsylvania,College/University,,,,,,,,,,,,,
76290,Joe Bryant,1975,14,La Salle,College/University,,,,,,,,,,,,,
77331,John Lambert,1975,15,Southern California,College/University,,,,,,,,,,,,,
78215,Ricky Sobers,1975,16,Nevada-Las Vegas,College/University,,,,,,,,,,,,,
76213,Tom Boswell,1975,17,South Carolina,College/University,,,,,,,,,,,,,
76887,Kevin Grevey,1975,18,Kentucky,College/University,,,,,,,,,,,,,
77419,John Lucas,1976,1,Maryland,College/University,,,,,,,,,,,,,
77490,Scott May,1976,2,Indiana,College/University,,,,,,,,,,,,,
78468,Richard Washington,1976,3,California-Los Angeles,College/University,,,,,,,,,,,,,
76590,Leon Douglas,1976,4,Alabama,College/University,,,,,,,,,,,,,
78442,Wally Walker,1976,5,Virginia,College/University,,,,,,,,,,,,,
76504,Adrian Dantley,1976,6,Notre Dame,College/University,,,,,,,,,,,,,
76296,Quinn Buckner,1976,7,Indiana,College/University,,,,,,,,,,,,,
305,Robert Parish,1976,8,Centenary (LA),College/University,,,,,161.0,37.0,4.351351351351352,22.0,17.0,1.2941176470588236,91.0,36.0,2.5277777777777777
77024,Armond Hill,1976,9,Princeton,College/University,,,,,,,,,,,,,
77364,Ron Lee,1976,10,Oregon,College/University,,,,,,,,,,,,,
78531,Bob Wilkerson,1976,11,Indiana,College/University,,,,,,,,,,,,,
76767,Terry Furlow,1976,12,Michigan State,College/University,,,,,,,,,,,,,
77324,Mitch Kupchak,1976,13,North Carolina,College/University,,,,,,,,,,,,,
78623,Larry Wright,1976,14,Grambling,College/University,,,,,,,,,,,,,
78541,Chuckie Williams,1976,15,Kansas State,College/University,,,,,,,,,,,,,
76437,Norm Cook,1976,16,Kansas,College/University,,,,,,,,,,,,,
77800,Sonny Parker,1976,17,Texas A&M,College/University,,,,,,,,,,,,,
76154,Kent Benson,1977,1,Indiana,College/University,,,,,,,,,,,,,
76170,Otis Birdsong,1977,2,Houston,College/University,,,,,,,,,,,,,
77160,Marques Johnson,1977,3,California-Los Angeles,College/University,,,,,,,,,,,,,
76091,Greg Ballard,1977,4,Oregon,College/University,,,,,,,,,,,,,
1453,Walter Davis,1977,5,North Carolina,College/University,,,,,,,,,,,,,
76350,Kenny Carr,1977,6,North Carolina State,College/University,,,,,,,,,,,,,
77264,Bernard King,1977,7,Tennessee,College/University,,,,,,,,,,,,,
78149,Jack Sikma,1977,8,Illinois Wesleyan,College/University,,,,,,,,,,,,,
77328,Tom LaGarde,1977,9,North Carolina,College/University,,,,,,,,,,,,,
78571,Ray Williams,1977,10,Minnesota,College/University,,,,,,,,,,,,,
76899,Ernie Grunfeld,1977,11,Tennessee,College/University,,,,,,,,,,,,,
77487,Cedric Maxwell,1977,12,North Carolina-Charlotte,College/University,,,,,,,,,,,,,
76059,Tate Armstrong,1977,13,Duke,College/University,,,,,,,,,,,,,
78014,Tree Rollins,1977,14,Clemson,College/University,,,,,,,,,,,,,
76516,Brad Davis,1977,15,Maryland,College/University,,,,,,,,,,,,,
76874,Rickey Green,1977,16,Michigan,College/University,,,,,,,,,,,,,
76664,Bo Ellis,1977,17,Marquette,College/University,,,,,,,,,,,,,
76465,Wesley Cox,1977,18,Louisville,College/University,,,,,,,,,,,,,
77344,Rich Laurel,1977,19,Hofstra,College/University,,,,,,,,,,,,,
77653,Glenn Mosley,1977,20,Seton Hall,College/University,,,,,,,,,,,,,
77975,Anthony Roberts,1977,21,Oral Roberts,College/University,,,,,,,,,,,,,
77721,Norm Nixon,1977,22,Duquesne,College/University,,,,,,,,,,,,,
78331,Mychal Thompson,1978,1,Minnesota,College/University,,,,,,,,,,,,,
76736,Phil Ford,1978,2,North Carolina,College/University,,,,,,,,,,,,,
77984,Rick Robey,1978,3,Kentucky,College/University,,,,,,,,,,,,,
77952,Micheal Ray Richardson,1978,4,Montana,College/University,,,,,,,,,,,,,
78139,Purvis Short,1978,5,Jackson State,College/University,,,,,,,,,,,,,
1449,Larry Bird,1978,6,Indiana State,College/University,,,,,,,,,,,,,
76249,Ron Brewer,1978,7,Arkansas,College/University,,,,,,,,,,,,,
78548,Freeman Williams,1978,8,Portland State,College/University,,,,,,,,,,,,,
78310,Reggie Theus,1978,9,Nevada-Las Vegas,College/University,,,,,,,,,,,,,
77356,Butch Lee,1978,10,Marquette,College/University,,,,,,,,,,,,,
76948,James Hardy,1978,11,San Francisco,College/University,,,,,,,,,,,,,
77148,George Johnson,1978,12,St. John's (NY),College/University,,,,,,,,,,,,,
76225,Winford Boynes,1978,13,San Francisco,College/University,,,,,,,,,,,,,
77848,Roger Phegley,1978,14,Bradley,College/University,,,,,,,,,,,,,
77615,Mike Mitchell,1978,15,Auburn,College/University,,,,,,,,,,,,,
76819,Jack Givens,1978,16,Kentucky,College/University,,,,,,,,,,,,,
82249,Rod Griffin,1978,17,Wake Forest,College/University,,,,,,,,,,,,,
76453,Dave Corzine,1978,18,DePaul,College/University,,,,,,,,,,,,,
76321,Marty Byrnes,1978,19,Syracuse,College/University,,,,,,,,,,,,,
78057,Frankie Sanders,1978,20,Southern University,College/University,,,,,,,,,,,,,
76686,Mike Evans,1978,21,Kansas State,College/University,,,,,,,,,,,,,
78365,Raymond Townsend,1978,22,California-Los Angeles,College/University,,,,,,,,,,,,,
77142,Magic Johnson,1979,1,Michigan State,College/University,,,,,,,,,,,,,
76881,David Greenwood,1979,2,California-Los Angeles,College/University,,,,,,,,,,,,,
76362,Bill Cartwright,1979,3,San Francisco,College/University,,,,,,,,,,,,,
77239,Greg Kelser,1979,4,Michigan State,College/University,,,,,,,,,,,,,
77626,Sidney Moncrief,1979,5,Arkansas,College/University,,,,,,,,,,,,,
76085,James Bailey,1979,6,Rutgers,College/University,,,,,,,,,,,,,
77167,Vinnie Johnson,1979,7,Baylor,College/University,,,,,,,,,,,,,
77691,Calvin Natt,1979,8,Louisiana-Monroe,College/University,,,,,,,,,,,,,
76553,Larry Demic,1979,9,Arizona,College/University,,,,,,,,,,,,,
76928,Roylee Hamilton,1979,10,California-Los Angeles,College/University,,,,,,,,,,,,,
77986,Cliff T. Robinson,1979,11,Southern California,College/University,,,,,,,,,,,,,
77819,Jim Paxson,1979,12,Dayton,College/University,,,,,,,,,,,,,
76231,Dudley Bradley,1979,13,North Carolina,College/University,,,,,,,,,,,,,
77040,Brad Holland,1979,14,California-Los Angeles,College/University,,,,,,,,,,,,,
77071,Phil Hubbard,1979,15,Michigan,College/University,,,,,,,,,,,,,
78222,Jim Spanarkel,1979,16,Duke,College/University,,,,,,,,,,,,,
77158,Lee Johnson,1979,17,Texas A&M-Commerce,College/University,,,,,,,,,,,,,
77273,Reggie King,1979,18,Alabama,College/University,,,,,,,,,,,,,
77827,Wiley Peck,1979,19,Mississippi State,College/University,,,,,,,,,,,,,
82449,Larry Knight,1979,20,Loyola-Chicago,College/University,,,,,,,,,,,,,
78570,Sly Williams,1979,21,Rhode Island,College/University,,,,,,,,,,,,,
77438,Kyle Macy,1979,22,Kentucky,College/University,,,,,,,,,,,,,
76353,Joe Barry Carroll,1980,1,Purdue,College/University,,,,,,,,,,,,,
76890,Darrell Griffith,1980,2,Louisville,College/University,,,,,,,,,,,,,
1450,Kevin McHale,1980,3,Minnesota,College/University,,,,,,,,,,,,,
77911,Kelvin Ransey,1980,4,Ohio State,College/University,,,,,,,,,,,,,
77920,Jamesearl Ray,1980,5,Jacksonville,College/University,,,,,,,,,,,,,
77754,Mike O'Koren,1980,6,North Carolina,College/University,,,,,,,,,,,,,
76826,Mike Gminski,1980,7,Duke,College/University,,,,,,,,,,,,,
78351,Andrew Toney,1980,8,Louisiana-Lafayette,College/University,,,,,,,,,,,,,
76266,Michael Brooks,1980,9,La Salle,College/University,,,,,,,,,,,,,
77373,Ronnie Lester,1980,10,Iowa,College/University,,,,,,,,,,,,,
78404,Kiki Vandeweghe,1980,11,California-Los Angeles,College/University,,,,,,,,,,,,,
78614,Mike Woodson,1980,12,Indiana,College/University,,,,,,,,,,,,,
76283,Rickey Brown,1980,13,Mississippi State,College/University,,,,,,,,,,,,,
77484,Wes Matthews,1980,14,Wisconsin,College/University,,,,,,,,,,,,,
77163,Reggie Johnson,1980,15,Tennessee,College/University,,,,,,,,,,,,,
78519,Charles Whitney,1980,16,North Carolina State,College/University,,,,,,,,,,,,,
76599,Larry Drew,1980,17,Missouri,College/University,,,,,,,,,,,,,
76418,Don Collins,1980,18,Washington State,College/University,,,,,,,,,,,,,
76619,John Duren,1980,19,Georgetown,College/University,,,,,,,,,,,,,
76944,Bill Hanzlik,1980,20,Notre Dame,College/University,,,,,,,,,,,,,
76520,Monti Davis,1980,21,Tennessee State,College/University,,,,,,,,,,,,,
77262,Chad Kinch,1980,22,North Carolina-Charlotte,College/University,,,,,,,,,,,,,
77715,Carl Nicks,1980,23,Indiana State,College/University,,,,,,,,,,,,,
76016,Mark Aguirre,1981,1,DePaul,College/University,,,,,,,,,,,,,
78318,Isiah Thomas,1981,2,Indiana,College/University,,,,,,,,,,,,,
433,Buck Williams,1981,3,Maryland,College/University,,,,,634.0,98.0,6.469387755102041,75.0,57.0,1.3157894736842106,532.0,107.0,4.97196261682243
78610,Al Wood,1981,4,North Carolina,College/University,,,,,,,,,,,,,
78423,Danny Vranes,1981,5,Utah,College/University,,,,,,,,,,,,,
78615,Orlando Woolridge,1981,6,Notre Dame,College/University,,,,,,,,,,,,,
77134,Steve Johnson,1981,7,Oregon State,College/University,,,,,,,,,,,,,
1472,Tom Chambers,1981,8,Utah,College/University,,,,,25.0,8.0,3.125,4.0,3.0,1.3333333333333333,16.0,8.0,2.0
76176,Rolando Blackman,1981,9,Kansas State,College/University,,,,,,,,,,,,,
77263,Albert King,1981,10,Maryland,College/University,,,,,,,,,,,,,
77146,Frank Johnson,1981,11,Wake Forest,College/University,,,,,,,,,,,,,
78369,Kelly Tripucka,1981,12,Notre Dame,College/University,,,,,,,,,,,,,
7,Dan Schayes,1981,13,Syracuse,College/University,,,,,548.0,91.0,6.021978021978022,63.0,43.0,1.4651162790697674,370.0,102.0,3.627450980392157
1006,Herb Williams,1981,14,Ohio State,College/University,,,,,84.0,25.0,3.36,8.0,7.0,1.1428571428571428,63.0,28.0,2.25
77332,Jeff Lamp,1981,15,Virginia,College/University,,,,,,,,,,,,,
78395,Darnell Valentine,1981,16,Kansas,College/University,,,,,,,,,,,,,
77401,Kevin Loder,1981,17,Alabama State,College/University,,,,,,,,,,,,,
78348,Ray Tolbert,1981,18,Indiana,College/University,,,,,,,,,,,,,
77530,Mike McGee,1981,19,Michigan,College/University,,,,,,,,,,,,,
77685,Larry Nance,1981,20,Clemson,College/University,,,,,,,,,,,,,
175,Alton Lister,1981,21,Arizona State,College/University,,,,,82.0,26.0,3.1538461538461537,12.0,9.0,1.3333333333333333,161.0,46.0,3.5
76641,Franklin Edwards,1981,22,Cleveland State,College/University,,,,,,,,,,,,,
76230,Charles Bradley,1981,23,Wyoming,College/University,,,,,,,,,,,,,
1460,James Worthy,1982,1,North Carolina,College/University,,,,,,,,,,,,,
187,Terry Cummings,1982,2,DePaul,College/University,,,,,1444.0,175.0,8.251428571428571,157.0,105.0,1.4952380952380953,820.0,177.0,4.632768361581921
1122,Dominique Wilkins,1982,3,Georgia,College/University,,,,,1186.0,78.0,15.205128205128204,124.0,60.0,2.066666666666667,428.0,78.0,5.487179487179487
76785,Bill Garnett,1982,4,Wyoming,College/University,,,,,,,,,,,,,
78,LaSalle Thompson,1982,5,Texas,College/University,,,,,10.0,6.0,1.6666666666666667,2.0,2.0,1.0,29.0,16.0,1.8125
78375,Trent Tucker,1982,6,Minnesota,College/University,,,,,,,,,,,,,
76497,Quintin Dailey,1982,7,San Francisco,College/University,,,,,,,,,,,,,
77236,Clark Kellogg,1982,8,Ohio State,College/University,,,,,,,,,,,,,
77377,Cliff Levingston,1982,9,Wichita State,College/University,,,,,,,,,,,,,
76638,Keith Edmonson,1982,10,Purdue,College/University,,,,,,,,,,,,,
77376,Lafayette Lever,1982,11,Arizona State,College/University,,,,,,,,,,,,,
76082,John Bagley,1982,12,Boston College,College/University,,,,,,,,,,,,,
76726,Sleepy Floyd,1982,13,Georgetown,College/University,,,,,,,,,,,,,
76431,Lester Conner,1982,14,Oregon State,College/University,,,,,,,,,,,,,
78314,David Thirdkill,1982,15,Bradley,College/University,,,,,,,,,,,,,
78304,Terry Teagle,1982,16,Baylor,College/University,,,,,,,,,,,,,
78250,Brook Steppe,1982,17,Georgia Tech,College/University,,,,,,,,,,,,,
894,Ricky Pierce,1982,18,Rice,College/University,,,,,750.0,71.0,10.56338028169014,101.0,51.0,1.9803921568627452,153.0,59.0,2.593220338983051
78565,Rob Williams,1982,19,Houston,College/University,,,,,,,,,,,,,
77879,Paul Pressey,1982,20,Tulsa,College/University,,,,,,,,,,,,,
77854,Eddie Phillips,1982,21,Alabama,College/University,,,,,,,,,,,,,
77558,Mark McNamara,1982,22,California,College/University,,,,,,,,,,,,,
78343,Darren Tillis,1982,23,Cleveland State,College/University,,,,,,,,,,,,,
78055,Ralph Sampson,1983,1,Virginia,College/University,,,,,,,,,,,,,
78257,Steve Stipanovich,1983,2,Missouri,College/University,,,,,,,,,,,,,
1622,Rodney McCray,1983,3,Louisville,College/University,,,,,,,,,,,,,
2,Byron Scott,1983,4,Arizona State,College/University,,,,,499.0,68.0,7.338235294117647,96.0,55.0,1.7454545454545454,117.0,57.0,2.0526315789473686
76876,Sidney Green,1983,5,Nevada-Las Vegas,College/University,,,,,,,,,,,,,
76478,Russell Cross,1983,6,Purdue,College/University,,,,,,,,,,,,,
1847,Thurl Bailey,1983,7,North Carolina State,College/University,,,,,185.0,38.0,4.868421052631579,22.0,17.0,1.2941176470588236,93.0,41.0,2.268292682926829
156,Antoine Carr,1983,8,Wichita State,College/University,,,,,1115.0,182.0,6.126373626373627,141.0,96.0,1.46875,412.0,158.0,2.607594936708861
107,Dale Ellis,1983,9,Tennessee,College/University,,,,,2648.0,217.0,12.202764976958525,277.0,138.0,2.0072463768115942,591.0,204.0,2.8970588235294117
117,Jeff Malone,1983,10,Mississippi State,College/University,,,,,,,,,,,,,
157,Derek Harper,1983,11,Illinois,College/University,,,,,1476.0,159.0,9.283018867924529,692.0,165.0,4.193939393939394,276.0,133.0,2.075187969924812
78437,Darrell Walker,1983,12,Arkansas,College/University,,,,,,,,,,,,,
941,Ennis Whatley,1983,13,Alabama,College/University,,,,,4.0,1.0,4.0,3.0,2.0,1.5,3.0,2.0,1.5
17,Clyde Drexler,1983,14,Houston,College/University,,,,,2434.0,136.0,17.897058823529413,751.0,134.0,5.604477611940299,746.0,137.0,5.445255474452555
76358,Howard Carter,1983,15,Louisiana State,College/University,,,,,,,,,,,,,
78279,Jon Sundvold,1983,16,Missouri,College/University,,,,,,,,,,,,,
77916,Leo Rautins,1983,17,Syracuse,College/University,,,,,,,,,,,,,
76247,Randy Breuer,1983,18,Minnesota,College/University,,,,,,,,,,,,,
77820,John Paxson,1983,19,Notre Dame,College/University,,,,,,,,,,,,,
77030,Roy Hinson,1983,20,Rutgers,College/University,,,,,,,,,,,,,
1123,Greg Kite,1983,21,Brigham Young,College/University,,,,,,,,,,,,,
1456,Randy Wittman,1983,22,Indiana,College/University,,,,,,,,,,,,,
78523,Mitchell Wiggins,1983,23,Florida State,College/University,,,,,,,,,,,,,
76847,Stewart Granger,1983,24,Villanova,College/University,,,,,,,,,,,,,
165,Hakeem Olajuwon,1984,1,Houston,College/University,,,,,5151.0,321.0,16.046728971962615,665.0,259.0,2.5675675675675675,2653.0,323.0,8.213622291021672
76217,Sam Bowie,1984,2,Kentucky,College/University,,,,,,,,,,,,,
893,Michael Jordan,1984,3,North Carolina,College/University,,,,,8250.0,314.0,26.273885350318473,1293.0,308.0,4.1980519480519485,1866.0,312.0,5.980769230769231
64,Sam Perkins,1984,4,North Carolina,College/University,,,,,2425.0,320.0,7.578125,354.0,213.0,1.6619718309859155,1130.0,334.0,3.3832335329341316
787,Charles Barkley,1984,5,Auburn,College/University,,,,,3162.0,191.0,16.554973821989527,745.0,178.0,4.185393258426966,2296.0,191.0,12.020942408376964
78386,Mel Turpin,1984,6,Kentucky,College/University,,,,,,,,,,,,,
926,Alvin Robertson,1984,7,Arkansas,College/University,,,,,,,,,,,,,
76834,Lancaster Gordon,1984,8,Louisville,College/University,,,,,,,,,,,,,
901,Otis Thorpe,1984,9,Providence,College/University,,,,,2527.0,251.0,10.06772908366534,469.0,206.0,2.2766990291262137,1656.0,268.0,6.17910447761194
78611,Leon Wood,1984,10,Cal State-Fullerton,College/University,,,,,,,,,,,,,
788,Kevin Willis,1984,11,Michigan State,College/University,,,,,4492.0,463.0,9.70194384449244,341.0,223.0,1.5291479820627802,3059.0,495.0,6.179797979797979
77516,Tim McCormick,1984,12,Michigan,College/University,,,,,,,,,,,,,
77081,Jay Humphries,1984,13,Colorado,College/University,,,,,,,,,,,,,
262,Michael Cage,1984,14,San Diego State,College/University,,,,,255.0,80.0,3.1875,72.0,48.0,1.5,637.0,141.0,4.5177304964539005
78241,Terence Stansbury,1984,15,Temple,College/University,,,,,,,,,,,,,
304,John Stockton,1984,16,Gonzaga,College/University,,,,,6308.0,509.0,12.392927308447938,4394.0,510.0,8.615686274509804,1462.0,465.0,3.1440860215053763
78381,Jeff Turner,1984,17,Vanderbilt,College/University,,,,,,,,,,,,,
313,Vern Fleming,1984,18,Georgia,College/University,,,,,,,,,,,,,
78323,Bernard Thompson,1984,19,Fresno State,College/University,,,,,,,,,,,,,
76338,Tony Campbell,1984,20,Ohio State,College/University,,,,,,,,,,,,,
76713,Kenny Fields,1984,21,California-Los Angeles,College/University,,,,,,,,,,,,,
78116,Tom Sewell,1984,22,Lamar,College/University,,,,,,,,,,,,,
77183,Earl Jones,1984,23,District of Columbia,College/University,,,,,,,,,,,,,
78634,Michael Young,1984,24,Houston,College/University,,,,,,,,,,,,,
121,Patrick Ewing,1985,1,Georgetown,College/University,,,,,4705.0,309.0,15.22653721682848,381.0,208.0,1.8317307692307692,2733.0,312.0,8.759615384615385
47,Wayman Tisdale,1985,2,Oklahoma,College/University,,,,,318.0,42.0,7.571428571428571,18.0,17.0,1.0588235294117647,110.0,38.0,2.8947368421052633
104,Benoit Benjamin,1985,3,Creighton,College/University,,,,,65.0,16.0,4.0625,4.0,3.0,1.3333333333333333,50.0,21.0,2.380952380952381
1365,Xavier McDaniel,1985,4,Wichita State,College/University,,,,,321.0,57.0,5.631578947368421,63.0,36.0,1.75,315.0,64.0,4.921875
402,Jon Koncak,1985,5,Southern Methodist,College/University,,,,,,,,,,,,,
170,Joe Kleine,1985,6,Arkansas,College/University,,,,,310.0,83.0,3.7349397590361444,70.0,53.0,1.320754716981132,320.0,101.0,3.1683168316831685
904,Chris Mullin,1985,7,St. John's (NY),College/University,,,,,2891.0,262.0,11.034351145038167,619.0,227.0,2.7268722466960353,818.0,247.0,3.311740890688259
96,Detlef Schrempf,1985,8,Washington,College/University,,,,,3627.0,269.0,13.483271375464684,983.0,268.0,3.667910447761194,1662.0,277.0,6.0
891,Charles Oakley,1985,9,Virginia Union,College/University,,,,,3383.0,412.0,8.21116504854369,1180.0,380.0,3.1052631578947367,3433.0,434.0,7.910138248847926
291,Ed Pinckney,1985,10,Villanova,College/University,,,,,59.0,17.0,3.4705882352941178,7.0,5.0,1.4,55.0,15.0,3.6666666666666665
77361,Keith Lee,1985,11,Memphis,College/University,,,,,,,,,,,,,
76869,Kenny Green,1985,12,Wake Forest,College/University,,,,,,,,,,,,,
252,Karl Malone,1985,13,Louisiana Tech,College/University,,,,,13363.0,575.0,23.24,2354.0,561.0,4.196078431372549,5279.0,575.0,9.18086956521739
77076,Alfredrick Hughes,1985,14,Loyola-Chicago,College/University,,,,,,,,,,,,,
78656,Blair Rasmussen,1985,15,Oregon,College/University,,,,,,,,,,,,,
82,Bill Wennington,1985,16,St. John's (NY),College/University,,,,,597.0,116.0,5.146551724137931,74.0,52.0,1.4230769230769231,285.0,110.0,2.590909090909091
76172,Uwe Blab,1985,17,Indiana,College/University,,,,,,,,,,,,,
247,Joe Dumars,1985,18,McNeese State,College/University,,,,,2465.0,182.0,13.543956043956044,685.0,178.0,3.848314606741573,352.0,155.0,2.270967741935484
76960,Steve Harris,1985,19,Tulsa,College/University,,,,,,,,,,,,,
78417,Sam Vincent,1985,20,Michigan State,College/University,,,,,,,,,,,,,
767,Terry Catledge,1985,21,South Alabama,College/University,,,,,,,,,,,,,
77946,Jerry Reynolds,1985,22,Louisiana State,College/University,,,,,,,,,,,,,
920,A.C. Green,1985,23,Oregon State,College/University,,,,,1933.0,290.0,6.665517241379311,304.0,180.0,1.6888888888888889,2087.0,325.0,6.421538461538462
345,Terry Porter,1985,24,Wisconsin-Stevens Point,College/University,,,,,3185.0,366.0,8.702185792349727,1273.0,364.0,3.4972527472527473,941.0,344.0,2.73546511627907
921,Brad Daugherty,1986,1,North Carolina,College/University,,,,,,,,,,,,,
83362,Len Bias,1986,2,Maryland,College/University,,,,,,,,,,,,,
78463,Chris Washburn,1986,3,North Carolina State,College/University,,,,,,,,,,,,,
456,Chuck Person,1986,4,Auburn,College/University,,,,,783.0,109.0,7.18348623853211,163.0,87.0,1.8735632183908046,392.0,124.0,3.161290322580645
78440,Kenny Walker,1986,5,Kentucky,College/University,,,,,,,,,,,,,
76138,William Bedford,1986,6,Memphis,College/University,,,,,,,,,,,,,
78293,Roy Tarpley,1986,7,Michigan,College/University,,,,,,,,,,,,,
166,Ron Harper,1986,8,Miami (OH),College/University,,,,,2566.0,316.0,8.120253164556962,951.0,300.0,3.17,1199.0,318.0,3.770440251572327
78110,Brad Sellers,1986,9,Ohio State,College/University,,,,,,,,,,,,,
1008,Johnny Dawkins,1986,10,Duke,College/University,,,,,,,,,,,,,
927,John Salley,1986,11,Georgia Tech,College/University,,,,,67.0,20.0,3.35,23.0,15.0,1.5333333333333334,62.0,29.0,2.1379310344827585
78554,John Williams,1986,12,Louisiana State,College/University,,,,,,,,,,,,,
78465,Dwayne Washington,1986,13,Syracuse,College/University,,,,,,,,,,,,,
76158,Walter Berry,1986,14,St. John's (NY),College/University,,,,,,,,,,,,,
209,Dell Curry,1986,15,Virginia Tech,College/University,,,,,3108.0,323.0,9.622291021671826,435.0,230.0,1.891304347826087,639.0,269.0,2.37546468401487
77476,Mo Martin,1986,16,Saint Joseph's,College/University,,,,,,,,,,,,,
77881,Harold Pressley,1986,17,Villanova,College/University,,,,,,,,,,,,,
76019,Mark Alarie,1986,18,Duke,College/University,,,,,,,,,,,,,
1631,Billy Thompson,1986,19,Louisville,College/University,,,,,,,,,,,,,
77130,Buck Johnson,1986,20,Alabama,College/University,,,,,,,,,,,,,
77173,Anthony Jones,1986,21,Nevada-Las Vegas,College/University,,,,,,,,,,,,,
101,Scott Skiles,1986,22,Michigan State,College/University,,,,,,,,,,,,,
83377,Ken Barlow,1986,23,Notre Dame,College/University,,,,,,,,,,,,,
717,Arvydas Sabonis,1986,24,BC Zalgiris (Lithuania),Other Team/Club,,,,,4281.0,364.0,11.760989010989011,766.0,309.0,2.4789644012944985,2663.0,371.0,7.177897574123989
764,David Robinson,1987,1,Navy,College/University,,,,,6506.0,431.0,15.095127610208817,718.0,342.0,2.0994152046783627,3970.0,433.0,9.168591224018476
288,Armen Gilliam,1987,2,Nevada-Las Vegas,College/University,,,,,2094.0,218.0,9.605504587155963,202.0,115.0,1.7565217391304349,1155.0,215.0,5.372093023255814
77054,Dennis Hopson,1987,3,Ohio State,College/University,,,,,,,,,,,,,
199,Reggie Williams,1987,4,Georgetown,College/University,75.25,199.0,81.25,24.70559927594618,71.0,9.0,7.888888888888889,9.0,6.0,1.5,24.0,11.0,2.1818181818181817
937,Scottie Pippen,1987,5,Central Arkansas,College/University,,,,,6631.0,463.0,14.32181425485961,2412.0,465.0,5.187096774193549,2660.0,467.0,5.69593147751606
181,Kenny Smith,1987,6,North Carolina,College/University,,,,,245.0,35.0,7.0,87.0,32.0,2.71875,39.0,25.0,1.56
134,Kevin Johnson,1987,7,California,College/University,,,,,1831.0,119.0,15.38655462184874,865.0,120.0,7.208333333333333,417.0,113.0,3.690265486725664
178,Olden Polynice,1987,8,Virginia,College/University,,,,,2544.0,308.0,8.25974025974026,355.0,182.0,1.9505494505494505,2220.0,323.0,6.8730650154798765
365,Derrick McKey,1987,9,Alabama,College/University,,,,,1183.0,205.0,5.770731707317073,381.0,189.0,2.015873015873016,901.0,241.0,3.7385892116182573
270,Horace Grant,1987,10,Clemson,College/University,,,,,3980.0,431.0,9.234338747099768,838.0,370.0,2.264864864864865,3185.0,440.0,7.238636363636363
397,Reggie Miller,1987,11,California-Los Angeles,College/University,,,,,10891.0,646.0,16.859133126934985,1718.0,587.0,2.926746166950596,1850.0,588.0,3.1462585034013606
177,Muggsy Bogues,1987,12,Wake Forest,College/University,,,,,1352.0,197.0,6.862944162436548,1121.0,214.0,5.238317757009346,433.0,176.0,2.460227272727273
341,Joe Wolf,1987,13,North Carolina,College/University,,,,,163.0,52.0,3.1346153846153846,47.0,33.0,1.4242424242424243,216.0,79.0,2.7341772151898733
76748,Tellis Frank,1987,14,Western Kentucky,College/University,,,,,,,,,,,,,
77771,Jose Ortiz,1987,15,Oregon State,College/University,,,,,,,,,,,,,
1846,Chris Welp,1987,16,Washington,College/University,,,,,,,,,,,,,
77673,Ronnie Murphy,1987,17,Jacksonville,College/University,,,,,,,,,,,,,
349,Mark Jackson,1987,18,St. John's (NY),College/University,,,,,4253.0,526.0,8.085551330798479,4288.0,555.0,7.726126126126126,1999.0,530.0,3.771698113207547
80,Ken Norman,1987,19,Illinois,College/University,,,,,62.0,11.0,5.636363636363637,10.0,8.0,1.25,35.0,11.0,3.1818181818181817
76695,Jim Farmer,1987,20,Alabama,College/University,,,,,,,,,,,,,
76426,Dallas Comegys,1987,21,DePaul,College/University,,,,,,,,,,,,,
77384,Reggie Lewis,1987,22,Northeastern,College/University,,,,,,,,,,,,,
246,Greg Anderson,1987,23,Houston,College/University,,,,,365.0,85.0,4.294117647058823,46.0,35.0,1.3142857142857143,508.0,105.0,4.838095238095238
330,Danny Manning,1988,1,Kansas,College/University,,,,,3307.0,342.0,9.669590643274853,579.0,254.0,2.279527559055118,1500.0,343.0,4.373177842565598
22,Rik Smits,1988,2,Marist,College/University,,,,,3825.0,253.0,15.118577075098814,308.0,173.0,1.7803468208092486,1494.0,250.0,5.976
293,Charles Smith,1988,3,Pittsburgh,College/University,,,,,82.0,17.0,4.823529411764706,13.0,7.0,1.8571428571428572,59.0,17.0,3.4705882352941178
356,Chris Morris,1988,4,Auburn,College/University,,,,,782.0,133.0,5.879699248120301,90.0,65.0,1.3846153846153846,418.0,138.0,3.028985507246377
782,Mitch Richmond,1988,5,Kansas State,College/University,,,,,6203.0,329.0,18.854103343465045,995.0,293.0,3.3959044368600684,1028.0,314.0,3.2738853503184715
765,Hersey Hawkins,1988,6,Bradley,College/University,,,,,3110.0,289.0,10.761245674740485,799.0,281.0,2.8434163701067616,1101.0,294.0,3.7448979591836733
897,Tim Perry,1988,7,Temple,College/University,,,,,,,,,,,,,
364,Rex Chapman,1988,8,Kentucky,College/University,,,,,2673.0,195.0,13.707692307692307,524.0,177.0,2.9604519774011298,509.0,187.0,2.72192513368984
938,Rony Seikaly,1988,9,Syracuse,College/University,,,,,1917.0,126.0,15.214285714285714,155.0,89.0,1.7415730337078652,1046.0,130.0,8.046153846153846
335,Willie Anderson,1988,10,Georgia,College/University,,,,,106.0,23.0,4.608695652173913,38.0,20.0,1.9,57.0,22.0,2.590909090909091
781,Will Perdue,1988,11,Vanderbilt,College/University,,,,,1151.0,185.0,6.221621621621622,153.0,114.0,1.3421052631578947,1518.0,232.0,6.543103448275862
265,Harvey Grant,1988,12,Oklahoma,College/University,,,,,561.0,118.0,4.754237288135593,119.0,81.0,1.4691358024691359,476.0,152.0,3.1315789473684212
81,Jeff Grayer,1988,13,Iowa State,College/University,,,,,94.0,21.0,4.476190476190476,24.0,15.0,1.6,39.0,18.0,2.1666666666666665
105,Dan Majerle,1988,14,Central Michigan,College/University,,,,,2214.0,280.0,7.9071428571428575,751.0,263.0,2.8555133079847907,1235.0,294.0,4.200680272108843
202,Gary Grant,1988,15,Michigan,College/University,,,,,220.0,47.0,4.680851063829787,135.0,44.0,3.0681818181818183,84.0,42.0,2.0
76387,Derrick Chievous,1988,16,Missouri,College/University,,,,,,,,,,,,,
287,Eric Leckner,1988,17,Wyoming,College/University,,,,,33.0,10.0,3.3,4.0,4.0,1.0,34.0,13.0,2.6153846153846154
76157,Ricky Berry,1988,18,San Jose State,College/University,,,,,,,,,,,,,
393,Rod Strickland,1988,19,DePaul,College/University,,,,,5721.0,452.0,12.6570796460177,3395.0,462.0,7.348484848484849,1666.0,439.0,3.79498861047836
236,Kevin Edwards,1988,20,DePaul,College/University,,,,,448.0,72.0,6.222222222222222,136.0,61.0,2.2295081967213113,161.0,69.0,2.3333333333333335
95,Mark Bryant,1988,21,Seton Hall,College/University,,,,,1425.0,212.0,6.721698113207547,197.0,131.0,1.5038167938931297,1004.0,239.0,4.200836820083682
705,Randolph Keys,1988,22,Southern Mississippi,College/University,,,,,,,,,,,,,
77335,Jerome Lane,1988,23,Pittsburgh,College/University,,,,,,,,,,,,,
216,Brian Shaw,1988,24,California-Santa Barbara,College/University,,,,,2034.0,315.0,6.457142857142857,1181.0,353.0,3.3456090651558075,1139.0,344.0,3.311046511627907
77970,David Rivers,1988,25,Notre Dame,College/University,,,,,,,,,,,,,
442,Pervis Ellison,1989,1,Louisville,College/University,,,,,166.0,49.0,3.3877551020408165,49.0,34.0,1.4411764705882353,196.0,59.0,3.3220338983050848
198,Danny Ferry,1989,2,Duke,College/University,,,,,2490.0,350.0,7.114285714285714,430.0,245.0,1.7551020408163265,1092.0,343.0,3.183673469387755
251,Sean Elliott,1989,3,Arizona,College/University,,,,,1969.0,189.0,10.417989417989418,418.0,164.0,2.548780487804878,728.0,185.0,3.9351351351351354
779,Glen Rice,1989,4,Michigan,College/University,,,,,7186.0,414.0,17.357487922705314,769.0,347.0,2.2161383285302594,1599.0,403.0,3.967741935483871
462,J.R. Reid,1989,5,North Carolina,College/University,,,,,879.0,142.0,6.190140845070423,114.0,73.0,1.5616438356164384,555.0,147.0,3.7755102040816326
351,Stacey King,1989,6,Oklahoma,College/University,,,,,20.0,6.0,3.3333333333333335,1.0,1.0,1.0,22.0,9.0,2.4444444444444446
45,George McCloud,1989,7,Florida State,College/University,,,,,3337.0,329.0,10.142857142857142,882.0,286.0,3.0839160839160837,1200.0,325.0,3.6923076923076925
1839,Randy White,1989,8,Louisiana Tech,College/University,,,,,,,,,,,,,
67,Tom Hammonds,1989,9,Georgia Tech,College/University,,,,,1062.0,177.0,6.0,115.0,83.0,1.3855421686746987,798.0,199.0,4.010050251256281
71,Pooh Richardson,1989,10,California-Los Angeles,College/University,,,,,588.0,97.0,6.061855670103093,371.0,110.0,3.3727272727272726,176.0,82.0,2.1463414634146343
98,Nick Anderson,1989,11,Illinois,College/University,,,,,3078.0,238.0,12.932773109243698,497.0,198.0,2.51010101010101,1206.0,243.0,4.962962962962963
302,Mookie Blaylock,1989,12,Oklahoma,College/University,,,,,4232.0,326.0,12.98159509202454,2062.0,333.0,6.192192192192192,1459.0,317.0,4.6025236593059935
78197,Michael Smith,1989,13,Brigham Young,College/University,,,,,,,,,,,,,
896,Tim Hardaway,1989,14,Texas-El Paso,College/University,,,,,6220.0,384.0,16.197916666666668,2734.0,390.0,7.01025641025641,1176.0,360.0,3.2666666666666666
77387,Todd Lichti,1989,15,Stanford,College/University,,,,,,,,,,,,,
344,Dana Barros,1989,16,Boston College,College/University,,,,,2419.0,257.0,9.412451361867705,770.0,243.0,3.168724279835391,490.0,218.0,2.2477064220183487
431,Shawn Kemp,1989,17,Trinity Valley Community College,College/University,,,,,6352.0,450.0,14.115555555555556,693.0,313.0,2.2140575079872202,3426.0,458.0,7.4803493449781655
769,B.J. Armstrong,1989,18,Iowa,College/University,,,,,900.0,138.0,6.521739130434782,385.0,133.0,2.8947368421052633,216.0,118.0,1.8305084745762712
77822,Kenny Payne,1989,19,Louisville,College/University,,,,,,,,,,,,,
1874,Jeff Sanders,1989,20,Georgia Southern,College/University,,,,,,,,,,,,,
898,Blue Edwards,1989,21,East Carolina,College/University,,,,,1261.0,129.0,9.775193798449612,289.0,113.0,2.5575221238938055,368.0,129.0,2.852713178294574
77096,Byron Irvin,1989,22,Missouri,College/University,,,,,,,,,,,,,
77460,Roy Marble,1989,23,Iowa,College/University,,,,,,,,,,,,,
76433,Anthony Cook,1989,24,Arizona,College/University,,,,,,,,,,,,,
1972,John Morton,1989,25,Seton Hall,College/University,,,,,,,,,,,,,
124,Vlade Divac,1989,26,KK Partizan (Serbia),Other Team/Club,,,,,6572.0,584.0,11.253424657534246,2056.0,545.0,3.7724770642201837,4595.0,590.0,7.788135593220339
76123,Kenny Battle,1989,27,Illinois,College/University,,,,,,,,,,,,,
934,Derrick Coleman,1990,1,Syracuse,College/University,,,,,5346.0,379.0,14.105540897097626,796.0,313.0,2.5431309904153356,3205.0,384.0,8.346354166666666
56,Gary Payton,1990,2,Oregon State,College/University,,,,,13752.0,775.0,17.74451612903226,5495.0,785.0,7.0,3356.0,757.0,4.4332892998679
51,Mahmoud Abdul-Rauf,1990,3,Louisiana State,College/University,,,,,1375.0,123.0,11.178861788617887,301.0,114.0,2.6403508771929824,168.0,88.0,1.9090909090909092
192,Dennis Scott,1990,4,Georgia Tech,College/University,,,,,2180.0,214.0,10.186915887850468,372.0,167.0,2.2275449101796405,595.0,201.0,2.9601990049751246
383,Kendall Gill,1990,5,Illinois,College/University,,,,,5810.0,473.0,12.283298097251585,1179.0,411.0,2.8686131386861313,2000.0,465.0,4.301075268817204
280,Felton Spencer,1990,6,Louisville,College/University,,,,,633.0,147.0,4.3061224489795915,45.0,42.0,1.0714285714285714,743.0,185.0,4.0162162162162165
1489,Lionel Simmons,1990,7,La Salle,College/University,,,,,118.0,25.0,4.72,51.0,24.0,2.125,95.0,32.0,2.96875
77260,Bo Kimble,1990,8,Loyola-Marymount,College/University,,,,,,,,,,,,,
416,Willie Burton,1990,9,Minnesota,College/University,,,,,151.0,26.0,5.8076923076923075,8.0,8.0,1.0,48.0,25.0,1.92
716,Rumeal Robinson,1990,10,Michigan,College/University,,,,,151.0,35.0,4.314285714285714,63.0,33.0,1.9090909090909092,41.0,28.0,1.4642857142857142
238,Tyrone Hill,1990,11,Xavier,College/University,,,,,3668.0,373.0,9.83378016085791,353.0,221.0,1.5972850678733033,3435.0,386.0,8.898963730569948
77251,Alec Kessler,1990,12,Georgia,College/University,,,,,,,,,,,,,
919,Loy Vaught,1990,13,Michigan,College/University,,,,,1599.0,155.0,10.316129032258065,144.0,91.0,1.5824175824175823,1206.0,186.0,6.483870967741935
77496,Travis Mays,1990,14,Texas,College/University,,,,,,,,,,,,,
77114,Dave Jamerson,1990,15,Ohio,College/University,,,,,,,,,,,,,
371,Terry Mills,1990,16,Michigan,College/University,,,,,1558.0,182.0,8.56043956043956,216.0,120.0,1.8,873.0,192.0,4.546875
1054,Jerrod Mustaf,1990,17,Maryland,College/University,,,,,,,,,,,,,
190,Duane Causwell,1990,18,Temple,College/University,,,,,367.0,98.0,3.7448979591836733,30.0,25.0,1.2,353.0,115.0,3.0695652173913044
244,Dee Brown,1990,19,Jacksonville,College/University,,,,,1546.0,160.0,9.6625,426.0,145.0,2.9379310344827587,339.0,146.0,2.3219178082191783
76821,Gerald Glass,1990,20,Mississippi,College/University,,,,,,,,,,,,,
420,Jayson Williams,1990,21,St. John's (NY),College/University,,,,,1535.0,125.0,12.28,135.0,83.0,1.6265060240963856,1714.0,127.0,13.496062992125983
76801,Tate George,1990,22,Connecticut,College/University,,,,,,,,,,,,,
41,Anthony Bonner,1990,23,Saint Louis,College/University,,,,,,,,,,,12.0,2.0,6.0
368,Dwayne Schintzius,1990,24,Florida,College/University,,,,,40.0,10.0,4.0,12.0,10.0,1.2,37.0,17.0,2.176470588235294
76001,Alaa Abdelnaby,1990,25,Duke,College/University,,,,,,,,,,,,,
76183,Lance Blanks,1990,26,Texas,College/University,,,,,,,,,,,,,
922,Elden Campbell,1990,27,Clemson,College/University,,,,,6147.0,545.0,11.278899082568808,674.0,373.0,1.806970509383378,3467.0,551.0,6.292196007259528
913,Larry Johnson,1991,1,Nevada-Las Vegas,College/University,,,,,4012.0,322.0,12.459627329192546,701.0,280.0,2.5035714285714286,1797.0,318.0,5.650943396226415
72,Kenny Anderson,1991,2,Georgia Tech,College/University,,,,,4706.0,420.0,11.204761904761904,2103.0,426.0,4.936619718309859,1266.0,395.0,3.2050632911392407
182,Billy Owens,1991,3,Syracuse,College/University,,,,,2015.0,225.0,8.955555555555556,538.0,211.0,2.5497630331753554,1400.0,236.0,5.932203389830509
87,Dikembe Mutombo,1991,4,Georgetown,College/University,,,,,6464.0,702.0,9.207977207977208,565.0,355.0,1.591549295774648,7334.0,769.0,9.537061118335501
120,Steven Smith,1991,5,Michigan State,College/University,,,,,7530.0,534.0,14.101123595505618,1366.0,446.0,3.062780269058296,1615.0,496.0,3.256048387096774
475,Doug Smith,1991,6,Missouri,College/University,,,,,,,,,,,,,
26,Luc Longley,1991,7,New Mexico,College/University,,,,,2070.0,242.0,8.553719008264462,463.0,193.0,2.3989637305699483,1319.0,257.0,5.132295719844358
1855,Mark Macon,1991,8,Temple,College/University,,,,,9.0,2.0,4.5,4.0,3.0,1.3333333333333333,5.0,2.0,2.5
278,Stacey Augmon,1991,9,Nevada-Las Vegas,College/University,,,,,2534.0,473.0,5.357293868921776,607.0,328.0,1.850609756097561,1363.0,456.0,2.9890350877192984
183,Bison Dele,1991,10,Arizona,College/University,,,,,1852.0,144.0,12.86111111111111,171.0,96.0,1.78125,1021.0,141.0,7.24113475177305
210,Terrell Brandon,1991,11,Oregon,College/University,,,,,5263.0,316.0,16.65506329113924,2453.0,315.0,7.787301587301587,1150.0,304.0,3.7828947368421053
21,Greg Anthony,1991,12,Nevada-Las Vegas,College/University,,,,,2421.0,324.0,7.472222222222222,1178.0,323.0,3.6470588235294117,632.0,280.0,2.257142857142857
905,Dale Davis,1991,13,Clemson,College/University,,,,,4978.0,618.0,8.055016181229773,596.0,360.0,1.6555555555555554,5073.0,671.0,7.560357675111773
1101,Rich King,1991,14,Nebraska,College/University,,,,,,,,,,,,,
138,Anthony Avent,1991,15,Seton Hall,College/University,,,,,81.0,20.0,4.05,11.0,9.0,1.2222222222222223,72.0,29.0,2.4827586206896552
423,Chris Gatling,1991,16,Old Dominion,College/University,,,,,3560.0,296.0,12.027027027027026,232.0,158.0,1.4683544303797469,1751.0,310.0,5.648387096774194
2349,Victor Alexander,1991,17,Iowa State,College/University,,,,,40.0,9.0,4.444444444444445,6.0,4.0,1.5,29.0,12.0,2.4166666666666665
76265,Kevin Brooks,1991,18,Louisiana-Lafayette,College/University,,,,,,,,,,,,,
78194,Labradford Smith,1991,19,Louisville,College/University,,,,,,,,,,,,,
1819,John Turner,1991,20,Phillips,College/University,,,,,,,,,,,,,
785,Eric Murdock,1991,21,Providence,College/University,,,,,806.0,117.0,6.888888888888889,359.0,117.0,3.0683760683760686,245.0,108.0,2.2685185185185186
1034,LeRon Ellis,1991,22,Syracuse,College/University,,,,,,,,,,,,,
914,Stanley Roberts,1991,23,Louisiana State,College/University,,,,,567.0,80.0,7.0875,35.0,24.0,1.4583333333333333,428.0,87.0,4.919540229885057
296,Rick Fox,1991,24,North Carolina,College/University,,,,,5146.0,516.0,9.972868217054264,1622.0,496.0,3.2701612903225805,2126.0,518.0,4.104247104247104
83585,Shaun Vandiver,1991,25,Colorado,College/University,,,,,,,,,,,,,
1821,Mark Randall,1991,26,Kansas,College/University,,,,,,,,,,,,,
432,Pete Chilcutt,1991,27,North Carolina,College/University,,,,,761.0,153.0,4.973856209150327,184.0,115.0,1.6,617.0,183.0,3.371584699453552
406,Shaquille O'Neal,1992,1,Louisiana State,College/University,,,,,20840.0,915.0,22.775956284153004,2315.0,795.0,2.911949685534591,9560.0,914.0,10.459518599562363
297,Alonzo Mourning,1992,2,Georgetown,College/University,,,,,7698.0,522.0,14.74712643678161,474.0,282.0,1.6808510638297873,4032.0,528.0,7.636363636363637
363,Christian Laettner,1992,3,Duke,College/University,,,,,5481.0,494.0,11.095141700404858,1148.0,432.0,2.6574074074074074,3038.0,500.0,6.076
754,Jim Jackson,1992,4,Ohio State,College/University,,,,,7308.0,583.0,12.53516295025729,1746.0,549.0,3.180327868852459,2816.0,590.0,4.772881355932204
111,LaPhonso Ellis,1992,5,Notre Dame,College/University,,,,,4080.0,344.0,11.86046511627907,534.0,254.0,2.1023622047244093,2034.0,355.0,5.729577464788733
339,Tom Gugliotta,1992,6,North Carolina State,College/University,,,,,4619.0,364.0,12.68956043956044,930.0,310.0,3.0,2515.0,381.0,6.601049868766404
1005,Walt Williams,1992,7,Maryland,College/University,,,,,4265.0,388.0,10.992268041237113,733.0,318.0,2.3050314465408803,1530.0,394.0,3.883248730964467
103,Todd Day,1992,8,Arkansas,College/University,,,,,1560.0,137.0,11.386861313868613,199.0,106.0,1.8773584905660377,461.0,135.0,3.414814814814815
221,Clar. Weatherspoon,1992,9,Southern Mississippi,College/University,,,,,4564.0,510.0,8.949019607843137,579.0,331.0,1.7492447129909365,3733.0,534.0,6.99063670411985
228,Adam Keefe,1992,10,Stanford,College/University,,,,,1184.0,218.0,5.431192660550459,196.0,124.0,1.5806451612903225,1047.0,263.0,3.9809885931558937
109,Robert Horry,1992,11,Alabama,College/University,,,,,4827.0,726.0,6.648760330578512,1488.0,634.0,2.3470031545741326,3890.0,802.0,4.850374064837905
114,Harold Miner,1992,12,Southern California,College/University,,,,,,,,,,,,,
179,Bryant Stith,1992,13,Virginia,College/University,,,,,2320.0,232.0,10.0,469.0,209.0,2.2440191387559807,736.0,227.0,3.2422907488986783
907,Malik Sealy,1992,14,St. John's (NY),College/University,,,,,2660.0,245.0,10.857142857142858,476.0,203.0,2.3448275862068964,836.0,233.0,3.587982832618026
324,Anthony Peeler,1992,15,Missouri,College/University,,,,,4959.0,509.0,9.7426326129666,1339.0,469.0,2.85501066098081,1486.0,484.0,3.0702479338842976
1010,Randy Woods,1992,16,La Salle,College/University,,,,,,,,,,,,,
57,Doug Christie,1992,17,Pepperdine,College/University,,,,,7580.0,626.0,12.108626198083067,2532.0,623.0,4.064205457463885,2816.0,626.0,4.498402555910543
145,Tracy Murray,1992,18,California-Los Angeles,College/University,,,,,3246.0,321.0,10.11214953271028,285.0,188.0,1.5159574468085106,923.0,304.0,3.036184210526316
931,Don MacLean,1992,19,California-Los Angeles,College/University,,,,,572.0,58.0,9.862068965517242,59.0,36.0,1.6388888888888888,215.0,65.0,3.3076923076923075
93,Hubert Davis,1992,20,North Carolina,College/University,,,,,2812.0,313.0,8.984025559105431,605.0,259.0,2.335907335907336,721.0,305.0,2.363934426229508
468,Jon Barry,1992,21,Georgia Tech,College/University,,,,,3413.0,476.0,7.170168067226891,1252.0,465.0,2.69247311827957,1154.0,450.0,2.5644444444444443
932,Oliver Miller,1992,22,Arkansas,College/University,,,,,1022.0,167.0,6.119760479041916,350.0,141.0,2.482269503546099,996.0,191.0,5.214659685863874
195,Lee Mayberry,1992,23,Arkansas,College/University,,,,,647.0,122.0,5.30327868852459,612.0,144.0,4.25,221.0,114.0,1.9385964912280702
84,Latrell Sprewell,1992,24,Alabama,College/University,,,,,10384.0,575.0,18.05913043478261,2244.0,560.0,4.007142857142857,2317.0,552.0,4.197463768115942
771,Elmore Spencer,1992,25,Nevada-Las Vegas,College/University,,,,,,,,,,,,,
77138,Dave Johnson,1992,26,Syracuse,College/University,,,,,,,,,,,,,
780,Byron Houston,1992,27,Oklahoma State,College/University,,,,,,,,,,,,,
185,Chris Webber,1993,1,Michigan,College/University,,,,,13817.0,665.0,20.777443609022555,2785.0,644.0,4.324534161490683,6493.0,664.0,9.778614457831326
762,Shawn Bradley,1993,2,Brigham Young,College/University,,,,,4087.0,498.0,8.206827309236948,324.0,229.0,1.4148471615720524,3356.0,543.0,6.180478821362799
358,Anfernee Hardaway,1993,3,Memphis,College/University,,,,,5750.0,419.0,13.723150357995227,1752.0,419.0,4.181384248210024,1930.0,426.0,4.530516431924883
469,Jamal Mashburn,1993,4,Kentucky,College/University,,,,,7332.0,417.0,17.58273381294964,1684.0,402.0,4.189054726368159,2385.0,414.0,5.760869565217392
375,Isaiah Rider,1993,5,Nevada-Las Vegas,College/University,,,,,4782.0,300.0,15.94,827.0,276.0,2.996376811594203,1184.0,287.0,4.125435540069686
384,Calbert Cheaney,1993,6,Indiana,College/University,,,,,4248.0,484.0,8.776859504132231,831.0,406.0,2.0467980295566504,1643.0,492.0,3.339430894308943
310,Bobby Hurley,1993,7,Duke,College/University,,,,,301.0,65.0,4.630769230769231,279.0,73.0,3.8219178082191783,77.0,47.0,1.6382978723404256
452,Vin Baker,1993,8,Hartford,College/University,,,,,6908.0,466.0,14.82403433476395,760.0,362.0,2.0994475138121547,3262.0,469.0,6.955223880597015
915,Rodney Rogers,1993,9,Wake Forest,College/University,,,,,6507.0,584.0,11.142123287671232,1182.0,485.0,2.4371134020618554,2796.0,578.0,4.837370242214533
283,Lindsey Hunter,1993,10,Jackson State,College/University,,,,,5806.0,626.0,9.274760383386582,1699.0,605.0,2.8082644628099174,1529.0,584.0,2.618150684931507
275,Allan Houston,1993,11,Tennessee,College/University,,,,,10503.0,568.0,18.491197183098592,1410.0,516.0,2.7325581395348837,1761.0,535.0,3.291588785046729
248,George Lynch,1993,12,North Carolina,College/University,,,,,3459.0,469.0,7.3752665245202556,840.0,384.0,2.1875,2849.0,506.0,5.630434782608695
143,Terry Dehere,1993,13,Seton Hall,College/University,,,,,980.0,138.0,7.101449275362318,345.0,122.0,2.8278688524590163,212.0,117.0,1.811965811965812
321,Scott Haskin,1993,14,Oregon State,College/University,,,,,,,,,,,,,
346,Doug Edwards,1993,15,Florida State,College/University,,,,,,,,,,,,,
777,Rex Walters,1993,16,Kansas,College/University,,,,,623.0,110.0,5.663636363636364,244.0,97.0,2.515463917525773,193.0,92.0,2.097826086956522
37,Greg Graham,1993,17,Indiana,College/University,,,,,113.0,24.0,4.708333333333333,19.0,13.0,1.4615384615384615,19.0,14.0,1.3571428571428572
1007,Luther Wright,1993,18,Seton Hall,College/University,,,,,,,,,,,,,
768,Acie Earl,1993,19,Iowa,College/University,,,,,181.0,37.0,4.891891891891892,17.0,13.0,1.3076923076923077,89.0,32.0,2.78125
197,Scott Burrell,1993,20,Connecticut,College/University,,,,,1307.0,206.0,6.344660194174757,243.0,142.0,1.7112676056338028,705.0,202.0,3.49009900990099
381,James Robinson,1993,21,Alabama,College/University,,,,,1177.0,124.0,9.491935483870968,291.0,113.0,2.575221238938053,264.0,123.0,2.1463414634146343
168,Chris Mills,1993,22,Arizona,College/University,,,,,2996.0,278.0,10.776978417266188,520.0,230.0,2.260869565217391,1440.0,280.0,5.142857142857143
911,Ervin Johnson,1993,23,New Orleans,College/University,,,,,2595.0,485.0,5.350515463917525,313.0,226.0,1.3849557522123894,4175.0,601.0,6.94675540765391
208,Sam Cassell,1993,24,Florida State,College/University,,,,,12695.0,732.0,17.342896174863387,4748.0,726.0,6.539944903581267,2534.0,706.0,3.5892351274787537
916,Corie Blount,1993,25,Cincinnati,College/University,,,,,1499.0,321.0,4.669781931464175,269.0,183.0,1.469945355191257,1929.0,385.0,5.01038961038961
903,Geert Hammink,1993,26,Louisiana State,College/University,,,,,,,,,,,,,
1635,Malcolm Mackey,1993,27,Georgia Tech,College/University,,,,,,,,,,,,,
299,Glenn Robinson,1994,1,Purdue,College/University,,,,,10204.0,504.0,20.246031746031747,1329.0,454.0,2.9273127753303965,3002.0,502.0,5.9800796812749
467,Jason Kidd,1994,2,California,College/University,,,,,14368.0,1099.0,13.073703366696996,10100.0,1129.0,8.945969884853852,7239.0,1120.0,6.463392857142857
255,Grant Hill,1994,3,Duke,College/University,,,,,12910.0,774.0,16.679586563307492,3064.0,730.0,4.197260273972603,4564.0,770.0,5.927272727272728
923,Donyell Marshall,1994,4,Connecticut,College/University,,,,,8415.0,700.0,12.021428571428572,1002.0,498.0,2.0120481927710845,5119.0,716.0,7.149441340782123
436,Juwan Howard,1994,5,Michigan,College/University,,,,,12195.0,897.0,13.595317725752508,1988.0,742.0,2.6792452830188678,5783.0,943.0,6.132555673382821
412,Sharone Wright,1994,6,Clemson,College/University,,,,,365.0,47.0,7.76595744680851,27.0,21.0,1.2857142857142858,176.0,54.0,3.259259259259259
441,Lamond Murray,1994,7,California,College/University,,,,,5623.0,474.0,11.862869198312236,641.0,317.0,2.0220820189274447,2127.0,471.0,4.515923566878981
258,Brian Grant,1994,8,Xavier,College/University,,,,,5406.0,528.0,10.238636363636363,644.0,368.0,1.75,4264.0,552.0,7.72463768115942
376,Eric Montross,1994,9,North Carolina,College/University,,,,,766.0,188.0,4.074468085106383,116.0,88.0,1.3181818181818181,1143.0,254.0,4.5
224,Eddie Jones,1994,10,Temple,College/University,,,,,11754.0,759.0,15.486166007905139,2307.0,709.0,3.2538787023977433,3239.0,754.0,4.295755968169761
435,Carlos Rogers,1994,11,Tennessee State,College/University,,,,,1170.0,144.0,8.125,97.0,71.0,1.3661971830985915,721.0,149.0,4.8389261744966445
234,Khalid Reeves,1994,12,Arizona,College/University,,,,,1136.0,126.0,9.015873015873016,407.0,124.0,3.282258064516129,271.0,113.0,2.398230088495575
147,Jalen Rose,1994,13,Michigan,College/University,,,,,10750.0,691.0,15.557163531114327,2429.0,628.0,3.8678343949044587,2491.0,654.0,3.808868501529052
212,Yinka Dare,1994,14,George Washington,College/University,,,,,60.0,24.0,2.5,3.0,3.0,1.0,88.0,31.0,2.838709677419355
15,Eric Piatkowski,1994,15,Nebraska,College/University,,,,,4539.0,498.0,9.114457831325302,587.0,338.0,1.7366863905325445,1339.0,467.0,2.867237687366167
32,Clifford Rozier,1994,16,Louisville,College/University,,,,,182.0,33.0,5.515151515151516,27.0,19.0,1.4210526315789473,214.0,38.0,5.631578947368421
243,Aaron McKie,1994,17,Temple,College/University,,,,,4584.0,526.0,8.714828897338403,1739.0,543.0,3.2025782688766116,2074.0,579.0,3.5820379965457687
211,Eric Mobley,1994,18,Pittsburgh,College/University,,,,,58.0,18.0,3.2222222222222223,9.0,8.0,1.125,52.0,19.0,2.736842105263158
434,Tony Dumas,1994,19,Missouri-Kansas City,College/University,,,,,100.0,18.0,5.555555555555555,28.0,14.0,2.0,21.0,13.0,1.6153846153846154
189,B.J. Tyler,1994,20,Texas,College/University,,,,,,,,,,,,,
54,Dickey Simpkins,1994,21,Providence,College/University,,,,,859.0,147.0,5.843537414965986,192.0,118.0,1.6271186440677967,777.0,167.0,4.652694610778443
223,Bill Curley,1994,22,Boston College,College/University,,,,,217.0,54.0,4.018518518518518,29.0,22.0,1.3181818181818181,144.0,58.0,2.4827586206896552
445,Wesley Person,1994,23,Auburn,College/University,,,,,5581.0,473.0,11.799154334038056,883.0,403.0,2.1910669975186106,1689.0,453.0,3.728476821192053
42,Monty Williams,1994,24,Notre Dame,College/University,,,,,2330.0,316.0,7.3734177215189876,419.0,218.0,1.9220183486238531,1010.0,314.0,3.21656050955414
65,Greg Minor,1994,25,Louisville,College/University,,,,,649.0,102.0,6.362745098039215,151.0,85.0,1.776470588235294,305.0,99.0,3.080808080808081
369,Charlie Ward,1994,26,Florida State,College/University,,,,,3391.0,462.0,7.33982683982684,2257.0,505.0,4.46930693069307,1423.0,480.0,2.964583333333333
240,Brooks Thompson,1994,27,Oklahoma State,College/University,,,,,437.0,56.0,7.803571428571429,194.0,60.0,3.2333333333333334,96.0,47.0,2.0425531914893615
693,Joe Smith,1995,1,Maryland,College/University,,,,,8834.0,804.0,10.987562189054726,810.0,475.0,1.7052631578947368,5290.0,827.0,6.396614268440145
686,Antonio McDyess,1995,2,Alabama,College/University,,,,,10453.0,860.0,12.154651162790698,1137.0,613.0,1.8548123980424143,6672.0,891.0,7.488215488215488
711,Jerry Stackhouse,1995,3,North Carolina,College/University,,,,,13449.0,774.0,17.375968992248062,2644.0,719.0,3.677329624478442,2538.0,735.0,3.453061224489796
739,Rasheed Wallace,1995,4,North Carolina,College/University,,,,,14700.0,1007.0,14.597815292949354,1829.0,807.0,2.2664188351920695,6834.0,1009.0,6.773042616451932
708,Kevin Garnett,1995,5,Farragut Career Academy,High School,,,,,23727.0,1282.0,18.50780031201248,4972.0,1219.0,4.078753076292043,13406.0,1293.0,10.368136117556071
735,Bryant Reeves,1995,6,Oklahoma State,College/University,,,,,3410.0,279.0,12.222222222222221,447.0,208.0,2.1490384615384617,1902.0,277.0,6.866425992779783
757,Damon Stoudamire,1995,7,Arizona,College/University,,,,,9658.0,718.0,13.45125348189415,4288.0,726.0,5.90633608815427,2535.0,689.0,3.6792452830188678
704,Shawn Respert,1995,8,Michigan State,College/University,,,,,511.0,74.0,6.905405405405405,104.0,57.0,1.8245614035087718,147.0,67.0,2.1940298507462686
709,Ed O'Bannon,1995,9,California-Los Angeles,College/University,,,,,197.0,40.0,4.925,36.0,27.0,1.3333333333333333,134.0,40.0,3.35
703,Kurt Thomas,1995,10,Texas Christian,College/University,,,,,7725.0,870.0,8.879310344827585,1074.0,576.0,1.8645833333333333,6428.0,923.0,6.964247020585049
718,Gary Trent,1995,11,Ohio,College/University,,,,,3328.0,363.0,9.168044077134986,405.0,230.0,1.7608695652173914,1771.0,369.0,4.799457994579946
685,Cherokee Parks,1995,12,Duke,College/University,,,,,1590.0,275.0,5.781818181818182,206.0,154.0,1.3376623376623376,1328.0,309.0,4.297734627831715
722,Corliss Williamson,1995,13,Arkansas,College/University,,,,,8071.0,689.0,11.714078374455733,882.0,452.0,1.9513274336283186,2805.0,684.0,4.100877192982456
677,Eric Williams,1995,14,Providence,College/University,,,,,4322.0,467.0,9.254817987152034,761.0,363.0,2.0964187327823693,1657.0,463.0,3.5788336933045355
699,Brent Barry,1995,15,Oregon State,College/University,,,,,7106.0,724.0,9.814917127071823,2470.0,710.0,3.4788732394366195,2431.0,696.0,3.492816091954023
673,Alan Henderson,1995,16,Indiana,College/University,,,,,4126.0,462.0,8.930735930735931,317.0,219.0,1.447488584474886,2590.0,499.0,5.190380761523046
682,Bob Sura,1995,17,Florida State,College/University,,,,,4517.0,461.0,9.79826464208243,1970.0,474.0,4.156118143459915,1824.0,460.0,3.965217391304348
689,Theo Ratliff,1995,18,Wyoming,College/University,,,,,4866.0,590.0,8.247457627118644,413.0,289.0,1.4290657439446366,3861.0,632.0,6.109177215189874
719,Randolph Childress,1995,19,Wake Forest,College/University,,,,,29.0,7.0,4.142857142857143,15.0,10.0,1.5,5.0,3.0,1.6666666666666667
679,Jason Caffey,1995,20,Alabama,College/University,,,,,2987.0,344.0,8.68313953488372,387.0,219.0,1.7671232876712328,1842.0,370.0,4.978378378378379
714,Michael Finley,1995,21,Wisconsin,College/University,,,,,15110.0,954.0,15.838574423480084,2742.0,851.0,3.2220916568742655,4215.0,949.0,4.441517386722866
678,George Zidek,1995,22,California-Los Angeles,College/University,,,,,158.0,31.0,5.096774193548387,15.0,10.0,1.5,89.0,39.0,2.282051282051282
696,Travis Best,1995,23,Georgia Tech,College/University,,,,,4704.0,563.0,8.355239786856128,2139.0,544.0,3.931985294117647,1123.0,478.0,2.3493723849372383
684,Loren Meyer,1995,24,Iowa State,College/University,,,,,224.0,42.0,5.333333333333333,17.0,16.0,1.0625,137.0,46.0,2.9782608695652173
710,David Vaughn,1995,25,Memphis,College/University,,,,,241.0,54.0,4.462962962962963,26.0,21.0,1.2380952380952381,245.0,60.0,4.083333333333333
726,Sherell Ford,1995,26,Illinois-Chicago,College/University,,,,,,,,,,,,,
712,Mario Bennett,1995,27,Arizona State,College/University,,,,,170.0,32.0,5.3125,16.0,10.0,1.6,119.0,33.0,3.606060606060606
731,Greg Ostertag,1995,28,Kansas,College/University,,,,,3123.0,547.0,5.709323583180987,401.0,267.0,1.5018726591760299,3756.0,635.0,5.91496062992126
724,Cory Alexander,1995,29,Virginia,College/University,,,,,1385.0,170.0,8.147058823529411,661.0,184.0,3.592391304347826,403.0,159.0,2.5345911949685536
947,Allen Iverson,1996,1,Georgetown,College/University,,,,,23169.0,860.0,26.940697674418605,5324.0,854.0,6.234192037470726,3218.0,825.0,3.9006060606060604
948,Marcus Camby,1996,2,Massachusetts,College/University,,,,,8587.0,858.0,10.008158508158509,1696.0,675.0,2.5125925925925925,8869.0,894.0,9.920581655480984
949,Shareef Abdur-Rahim,1996,3,California,College/University,,,,,13429.0,734.0,18.295640326975477,1856.0,649.0,2.859784283513097,5622.0,734.0,7.659400544959128
950,Stephon Marbury,1996,4,Georgia Tech,College/University,,,,,14585.0,762.0,19.14041994750656,5774.0,764.0,7.557591623036649,2288.0,715.0,3.2
951,Ray Allen,1996,5,Connecticut,College/University,,,,,23537.0,1248.0,18.859775641025642,4200.0,1173.0,3.580562659846547,5071.0,1212.0,4.183993399339934
952,Antoine Walker,1996,6,Kentucky,College/University,,,,,13855.0,794.0,17.44962216624685,2773.0,734.0,3.7779291553133514,6182.0,803.0,7.698630136986301
953,Lorenzen Wright,1996,7,Memphis,College/University,,,,,5499.0,628.0,8.756369426751592,547.0,341.0,1.6041055718475072,4401.0,657.0,6.698630136986301
954,Kerry Kittles,1996,8,Villanova,College/University,,,,,6635.0,473.0,14.027484143763214,1212.0,428.0,2.8317757009345796,1844.0,463.0,3.9827213822894167
955,Samaki Walker,1996,9,Louisville,College/University,,,,,2195.0,341.0,6.436950146627566,235.0,152.0,1.5460526315789473,1916.0,371.0,5.164420485175202
956,Erick Dampier,1996,10,Mississippi State,College/University,,,,,6510.0,821.0,7.929354445797808,730.0,462.0,1.58008658008658,6312.0,878.0,7.189066059225513
957,Todd Fuller,1996,11,North Carolina State,College/University,,,,,774.0,153.0,5.0588235294117645,40.0,34.0,1.1764705882352942,622.0,180.0,3.4555555555555557
958,Vitaly Potapenko,1996,12,Wright State,College/University,,,,,3477.0,468.0,7.42948717948718,370.0,239.0,1.5481171548117154,2336.0,490.0,4.7673469387755105
977,Kobe Bryant,1996,13,Lower Merion,High School,,,,,32205.0,1286.0,25.042768273716952,6018.0,1243.0,4.841512469831054,6735.0,1275.0,5.2823529411764705
978,Peja Stojakovic,1996,14,P.A.O.K. B.C. (Greece),Other Team/Club,,,,,13257.0,772.0,17.172279792746114,1340.0,624.0,2.1474358974358974,3734.0,763.0,4.8938401048492794
959,Steve Nash,1996,15,Santa Clara,College/University,,,,,16126.0,1086.0,14.848987108655617,9645.0,1095.0,8.808219178082192,3397.0,1027.0,3.3076923076923075
960,Tony Delk,1996,16,Kentucky,College/University,,,,,4388.0,428.0,10.25233644859813,875.0,359.0,2.437325905292479,1202.0,394.0,3.050761421319797
979,Jermaine O'Neal,1996,17,Eau Claire,High School,,,,,12124.0,856.0,14.163551401869158,1221.0,569.0,2.145869947275923,6657.0,882.0,7.5476190476190474
961,John Wallace,1996,18,Syracuse,College/University,,,,,2637.0,296.0,8.908783783783784,259.0,165.0,1.5696969696969696,972.0,285.0,3.4105263157894736
962,Walter McCarty,1996,19,Kentucky,College/University,,,,,2807.0,382.0,7.348167539267016,622.0,320.0,1.94375,1409.0,419.0,3.3627684964200477
980,Zydrunas Ilgauskas,1996,20,LSU-Atletas (Lithuania),Other Team/Club,,,,,10278.0,776.0,13.244845360824742,888.0,491.0,1.8085539714867618,5913.0,788.0,7.503807106598985
963,Dontae' Jones,1996,21,Mississippi State,College/University,,,,,44.0,9.0,4.888888888888889,5.0,4.0,1.25,9.0,6.0,1.5
964,Roy Rogers,1996,22,Alabama,College/University,,,,,560.0,89.0,6.292134831460674,42.0,37.0,1.135135135135135,412.0,103.0,4.0
981,Efthimios Rentzias,1996,23,P.A.O.K. B.C. (Greece),Other Team/Club,,,,,52.0,17.0,3.0588235294117645,7.0,6.0,1.1666666666666667,25.0,16.0,1.5625
965,Derek Fisher,1996,24,Arkansas-Little Rock,College/University,,,,,10982.0,1233.0,8.906731549067315,3789.0,1179.0,3.213740458015267,2768.0,1128.0,2.4539007092198584
982,Martin Muursepp,1996,25,BC Kalev/Cramo (Estonia),Other Team/Club,,,,,338.0,54.0,6.2592592592592595,40.0,31.0,1.2903225806451613,154.0,51.0,3.019607843137255
966,Jerome Williams,1996,26,Georgetown,College/University,,,,,3463.0,463.0,7.479481641468682,432.0,271.0,1.5940959409594095,3375.0,505.0,6.683168316831683
967,Brian Evans,1996,27,Indiana,College/University,,,,,349.0,58.0,6.017241379310345,72.0,46.0,1.565217391304348,152.0,55.0,2.7636363636363637
968,Priest Lauderdale,1996,28,Peristeri B.C. (Greece),Other Team/Club,,,,,231.0,52.0,4.4423076923076925,30.0,21.0,1.4285714285714286,132.0,51.0,2.588235294117647
969,Travis Knight,1996,29,Connecticut,College/University,,,,,1136.0,208.0,5.461538461538462,208.0,133.0,1.5639097744360901,1032.0,267.0,3.865168539325843
1495,Tim Duncan,1997,1,Wake Forest,College/University,,,,,26568.0,1401.0,18.963597430406853,4234.0,1314.0,3.2222222222222223,15261.0,1403.0,10.877405559515324
1496,Keith Van Horn,1997,2,Utah,College/University,,,,,8189.0,514.0,15.931906614785992,789.0,396.0,1.9924242424242424,3482.0,512.0,6.80078125
1497,Chauncey Billups,1997,3,Colorado,College/University,,,,,15996.0,1016.0,15.744094488188976,5624.0,1008.0,5.579365079365079,3031.0,942.0,3.2176220806794054
1498,Antonio Daniels,1997,4,Bowling Green,College/University,,,,,6169.0,725.0,8.508965517241379,2726.0,715.0,3.8125874125874124,1506.0,638.0,2.3605015673981193
1499,Tony Battie,1997,5,Texas Tech,College/University,,,,,4427.0,658.0,6.727963525835866,451.0,314.0,1.4363057324840764,3707.0,723.0,5.127247579529738
1500,Ron Mercer,1997,6,Kentucky,College/University,,,,,5315.0,372.0,14.28763440860215,822.0,317.0,2.593059936908517,1214.0,358.0,3.3910614525139664
1501,Tim Thomas,1997,7,Villanova,College/University,,,,,8780.0,736.0,11.929347826086957,1149.0,548.0,2.096715328467153,3090.0,717.0,4.309623430962343
1502,Adonal Foyle,1997,8,Colgate,College/University,,,,,2456.0,477.0,5.148846960167715,283.0,213.0,1.3286384976525822,2889.0,572.0,5.050699300699301
1503,Tracy McGrady,1997,9,Mount Zion Christian Academy,High School,,,,,17509.0,844.0,20.74526066350711,3978.0,836.0,4.758373205741627,5024.0,860.0,5.841860465116279
1504,Danny Fortson,1997,10,Cincinnati,College/University,,,,,3173.0,346.0,9.170520231213873,274.0,161.0,1.7018633540372672,2741.0,375.0,7.309333333333333
1505,Tariq Abdul-Wahad,1997,11,San Jose State,College/University,,,,,1643.0,184.0,8.929347826086957,242.0,133.0,1.8195488721804511,711.0,193.0,3.683937823834197
1506,Austin Croshere,1997,12,Providence,College/University,,,,,4092.0,491.0,8.334012219959266,561.0,329.0,1.7051671732522797,2403.0,524.0,4.58587786259542
1507,Derek Anderson,1997,13,Kentucky,College/University,,,,,6548.0,524.0,12.49618320610687,1817.0,501.0,3.626746506986028,1769.0,507.0,3.489151873767258
1508,Maurice Taylor,1997,14,Michigan,College/University,,,,,5348.0,463.0,11.550755939524837,558.0,313.0,1.7827476038338659,2223.0,468.0,4.75
1509,Kelvin Cato,1997,15,Iowa State,College/University,,,,,2703.0,420.0,6.435714285714286,221.0,158.0,1.3987341772151898,2573.0,472.0,5.451271186440678
1510,Brevin Knight,1997,16,Stanford,College/University,,,,,4704.0,573.0,8.209424083769633,3933.0,635.0,6.193700787401575,1572.0,554.0,2.8375451263537905
1511,Johnny Taylor,1997,17,Tennessee-Chattanooga,College/University,,,,,221.0,34.0,6.5,22.0,15.0,1.4666666666666666,105.0,35.0,3.0
1512,Chris Anstey,1997,18,South East Melbourne Magic (Australia),Other Team/Club,,,,,683.0,105.0,6.504761904761905,100.0,71.0,1.408450704225352,470.0,114.0,4.12280701754386
1513,Scot Pollard,1997,19,Kansas,College/University,,,,,2062.0,361.0,5.71191135734072,192.0,143.0,1.3426573426573427,2125.0,426.0,4.988262910798122
1514,Paul Grant,1997,20,Wisconsin,College/University,,,,,25.0,8.0,3.125,3.0,3.0,1.0,18.0,8.0,2.25
1515,Anthony Parker,1997,21,Bradley,College/University,,,,,4203.0,421.0,9.983372921615201,1038.0,371.0,2.797843665768194,1484.0,405.0,3.6641975308641976
1516,Ed Gray,1997,22,California,College/University,,,,,335.0,42.0,7.976190476190476,41.0,26.0,1.5769230769230769,71.0,34.0,2.088235294117647
1517,Bobby Jackson,1997,23,Minnesota,College/University,,,,,6825.0,659.0,10.35660091047041,1834.0,605.0,3.031404958677686,2180.0,635.0,3.4330708661417324
1518,Rodrick Rhodes,1997,24,Southern California,College/University,,,,,359.0,55.0,6.527272727272727,104.0,45.0,2.311111111111111,77.0,42.0,1.8333333333333333
1519,John Thomas,1997,25,Minnesota,College/University,,,,,506.0,116.0,4.362068965517241,58.0,45.0,1.288888888888889,405.0,143.0,2.832167832167832
1520,Charles Smith,1997,26,New Mexico,College/University,,,,,624.0,86.0,7.255813953488372,103.0,55.0,1.8727272727272728,158.0,71.0,2.2253521126760565
1521,Jacque Vaughn,1997,27,Kansas,College/University,,,,,3102.0,567.0,5.470899470899471,1749.0,564.0,3.101063829787234,927.0,478.0,1.9393305439330544
1522,Keith Booth,1997,28,Maryland,College/University,,,,,125.0,26.0,4.8076923076923075,35.0,17.0,2.0588235294117645,91.0,29.0,3.1379310344827585
1709,Michael Olowokandi,1998,1,Pacific,College/University,,,,,3740.0,412.0,9.077669902912621,299.0,206.0,1.4514563106796117,3066.0,444.0,6.905405405405405
1710,Mike Bibby,1998,2,Arizona,College/University,,,,,14037.0,941.0,14.91710945802338,5227.0,942.0,5.548832271762208,3007.0,912.0,3.2971491228070176
1711,Raef LaFrentz,1998,3,Kansas,College/University,,,,,5144.0,482.0,10.67219917012448,568.0,325.0,1.7476923076923077,3097.0,507.0,6.108481262327416
1712,Antawn Jamison,1998,4,North Carolina,College/University,,,,,17366.0,911.0,19.062568605927552,1531.0,705.0,2.171631205673759,7095.0,911.0,7.7881448957189905
1713,Vince Carter,1998,5,North Carolina,College/University,,,,,22954.0,1324.0,17.336858006042295,4188.0,1198.0,3.4958263772954923,5904.0,1318.0,4.4795144157814875
1714,Robert Traylor,1998,6,Michigan,College/University,,,,,1865.0,324.0,5.756172839506172,284.0,206.0,1.3786407766990292,1477.0,357.0,4.137254901960785
1715,Jason Williams,1998,7,Florida,College/University,,,,,7447.0,680.0,10.951470588235294,4180.0,708.0,5.903954802259887,1673.0,627.0,2.668261562998405
1716,Larry Hughes,1998,8,Saint Louis,College/University,,,,,9283.0,648.0,14.325617283950617,2047.0,585.0,3.499145299145299,2807.0,629.0,4.462639109697934
1717,Dirk Nowitzki,1998,9,DJK Wurzburg (Germany),Other Team/Club,,,,,30100.0,1424.0,21.1376404494382,3381.0,1255.0,2.6940239043824703,10937.0,1417.0,7.718419195483416
1718,Paul Pierce,1998,10,Kansas,College/University,,,,,24110.0,1233.0,19.553933495539336,4238.0,1141.0,3.7142857142857144,6893.0,1228.0,5.613192182410423
1719,Bonzi Wells,1998,11,Ball State,College/University,,,,,6613.0,527.0,12.548387096774194,1164.0,440.0,2.6454545454545455,2536.0,517.0,4.905222437137331
1720,Michael Doleac,1998,12,Utah,College/University,,,,,2622.0,448.0,5.852678571428571,298.0,209.0,1.4258373205741626,1765.0,474.0,3.7236286919831225
1721,Keon Clark,1998,13,Nevada-Las Vegas,College/University,,,,,2453.0,294.0,8.343537414965986,284.0,171.0,1.6608187134502923,1795.0,306.0,5.866013071895424
1722,Michael Dickerson,1998,14,Arizona,College/University,,,,,2935.0,189.0,15.529100529100528,509.0,175.0,2.9085714285714284,542.0,171.0,3.1695906432748537
1723,Matt Harpring,1998,15,Georgia Tech,College/University,,,,,7048.0,604.0,11.668874172185431,839.0,449.0,1.8685968819599108,3108.0,600.0,5.18
1724,Bryce Drew,1998,16,Valparaiso,College/University,,,,,1036.0,157.0,6.598726114649682,491.0,168.0,2.9226190476190474,282.0,149.0,1.8926174496644295
1725,Rasho Nesterovic,1998,17,Virtus Pallacanestro Bologna (Italy),Other Team/Club,,,,,5100.0,673.0,7.578008915304606,773.0,429.0,1.8018648018648018,3848.0,713.0,5.396914446002805
1726,Mirsad Turkcan,1998,18,Anadolu Efes S.K. (Turkey),Other Team/Club,,,,,33.0,11.0,3.0,5.0,4.0,1.25,33.0,12.0,2.75
1727,Pat Garrity,1998,19,Notre Dame,College/University,,,,,3621.0,419.0,8.64200477326969,402.0,250.0,1.608,1314.0,418.0,3.1435406698564594
1728,Roshown McLeod,1998,20,Duke,College/University,,,,,702.0,90.0,7.8,114.0,59.0,1.9322033898305084,271.0,79.0,3.430379746835443
1729,Ricky Davis,1998,21,Iowa,College/University,,,,,8991.0,629.0,14.294117647058824,2209.0,590.0,3.7440677966101696,2335.0,595.0,3.9243697478991595
1730,Brian Skinner,1998,22,Baylor,College/University,,,,,2596.0,419.0,6.195704057279237,253.0,185.0,1.3675675675675676,2531.0,494.0,5.123481781376518
1731,Tyronn Lue,1998,23,Nebraska,College/University,,,,,4239.0,464.0,9.135775862068966,1547.0,438.0,3.5319634703196345,853.0,380.0,2.2447368421052634
1732,Felipe Lopez,1998,24,St. John's (NY),College/University,,,,,1335.0,173.0,7.716763005780347,229.0,124.0,1.846774193548387,565.0,177.0,3.1920903954802258
1733,Al Harrington,1998,25,Saint Patrick,High School,,,,,11929.0,868.0,13.743087557603687,1488.0,674.0,2.207715133531157,4996.0,874.0,5.7162471395881
1734,Sam Jacobson,1998,26,Minnesota,College/University,,,,,265.0,40.0,6.625,30.0,23.0,1.3043478260869565,73.0,34.0,2.1470588235294117
1735,Vladimir Stepania,1998,27,KK Olimpija (Slovenia),Other Team/Club,,,,,1012.0,187.0,5.411764705882353,87.0,73.0,1.1917808219178083,1052.0,208.0,5.0576923076923075
1736,Corey Benjamin,1998,28,Oregon State,College/University,,,,,750.0,109.0,6.8807339449541285,127.0,67.0,1.8955223880597014,232.0,85.0,2.7294117647058824
1737,Nazr Mohammed,1998,29,Kentucky,College/University,,,,,5362.0,763.0,7.027522935779817,330.0,252.0,1.3095238095238095,4301.0,847.0,5.077922077922078
1882,Elton Brand,1999,1,Duke,College/University,,,,,14804.0,877.0,16.880273660205244,1949.0,744.0,2.6196236559139785,7931.0,907.0,8.744211686879824
1883,Steve Francis,1999,2,Maryland,College/University,,,,,9592.0,523.0,18.34034416826004,3173.0,520.0,6.101923076923077,2940.0,517.0,5.686653771760155
1884,Baron Davis,1999,3,California-Los Angeles,College/University,,,,,12460.0,761.0,16.373193166885677,5546.0,766.0,7.240208877284595,2918.0,730.0,3.9972602739726026
1885,Lamar Odom,1999,4,Rhode Island,College/University,,,,,12139.0,856.0,14.18107476635514,3229.0,821.0,3.9330085261875762,7441.0,861.0,8.642276422764228
1886,Jonathan Bender,1999,5,Picayune Memorial,High School,,,,,1286.0,201.0,6.398009950248756,155.0,106.0,1.4622641509433962,525.0,184.0,2.8532608695652173
1887,Wally Szczerbiak,1999,6,Miami (OH),College/University,,,,,8639.0,599.0,14.42237061769616,1446.0,513.0,2.818713450292398,2417.0,587.0,4.117546848381601
1888,Richard Hamilton,1999,7,Connecticut,College/University,,,,,15155.0,852.0,17.787558685446008,3013.0,801.0,3.7615480649188515,2812.0,799.0,3.5193992490613266
1889,Andre Miller,1999,8,Utah,College/University,,,,,14710.0,1112.0,13.22841726618705,7380.0,1135.0,6.502202643171806,4324.0,1087.0,3.9779208831646735
1890,Shawn Marion,1999,9,Nevada-Las Vegas,College/University,,,,,15984.0,1026.0,15.578947368421053,1907.0,853.0,2.2356389214536927,9041.0,1039.0,8.701636188642926
1891,Jason Terry,1999,10,Arizona,College/University,,,,,17321.0,1219.0,14.209187858900739,4962.0,1194.0,4.155778894472362,2985.0,1099.0,2.7161055505004548
1892,Trajan Langdon,1999,11,Duke,College/University,,,,,549.0,77.0,7.12987012987013,135.0,69.0,1.9565217391304348,143.0,67.0,2.1343283582089554
1893,Aleksandar Radojevic,1999,12,Barton Community College,College/University,,,,,26.0,8.0,3.25,7.0,5.0,1.4,36.0,11.0,3.272727272727273
1894,Corey Maggette,1999,13,Duke,College/University,,,,,11594.0,703.0,16.49217638691323,1463.0,560.0,2.6125,3513.0,687.0,5.11353711790393
1895,William Avery,1999,14,Duke,College/University,,,,,348.0,79.0,4.405063291139241,182.0,87.0,2.0919540229885056,90.0,56.0,1.6071428571428572
1896,Frederic Weis,1999,15,Limoges CSP (France),Other Team/Club,,,,,,,,,,,,,
1897,Metta World Peace,1999,16,St. John's (NY),College/University,,,,,11640.0,850.0,13.694117647058823,2391.0,780.0,3.0653846153846156,3935.0,846.0,4.65130023640662
1898,Cal Bowdler,1999,17,Old Dominion,College/University,,,,,374.0,79.0,4.734177215189874,25.0,22.0,1.1363636363636365,246.0,91.0,2.7032967032967035
1899,James Posey,1999,18,Xavier,College/University,,,,,6840.0,747.0,9.156626506024097,1299.0,587.0,2.212947189097104,3749.0,778.0,4.818766066838046
1900,Quincy Lewis,1999,19,Minnesota,College/University,,,,,519.0,98.0,5.295918367346939,91.0,68.0,1.338235294117647,188.0,86.0,2.186046511627907
1901,Dion Glover,1999,20,Georgia Tech,College/University,,,,,2163.0,223.0,9.699551569506726,401.0,175.0,2.2914285714285714,803.0,215.0,3.7348837209302324
1902,Jeff Foster,1999,21,Texas State,College/University,,,,,3337.0,573.0,5.823734729493892,609.0,365.0,1.6684931506849314,4652.0,666.0,6.984984984984985
1903,Kenny Thomas,1999,22,New Mexico,College/University,,,,,5388.0,527.0,10.223908918406073,890.0,411.0,2.165450121654501,3965.0,558.0,7.10573476702509
1904,Devean George,1999,23,Augsburg,College/University,,,,,3404.0,503.0,6.7673956262425445,520.0,309.0,1.6828478964401294,1898.0,532.0,3.5676691729323307
1905,Andrei Kirilenko,1999,24,PBC CSKA Moscow (Russia),Other Team/Club,,,,,8126.0,685.0,11.862773722627738,1871.0,610.0,3.0672131147540984,3771.0,684.0,5.5131578947368425
1906,Tim James,1999,25,Miami (FL),College/University,,,,,54.0,17.0,3.176470588235294,9.0,9.0,1.0,36.0,21.0,1.7142857142857142
1907,Vonteego Cummings,1999,26,Pittsburgh,College/University,,,,,1110.0,137.0,8.102189781021897,434.0,129.0,3.364341085271318,303.0,121.0,2.5041322314049586
1908,Jumaine Jones,1999,27,Georgia,College/University,,,,,2983.0,358.0,8.332402234636872,381.0,219.0,1.7397260273972603,1799.0,386.0,4.660621761658031
1909,Scott Padgett,1999,28,Kentucky,College/University,,,,,1690.0,283.0,5.971731448763251,295.0,189.0,1.560846560846561,1128.0,329.0,3.4285714285714284
1910,Leon Smith,1999,29,Martin Luther King,High School,,,,,33.0,10.0,3.3,3.0,3.0,1.0,33.0,11.0,3.0
2030,Kenyon Martin,2000,1,Cincinnati,College/University,,,,,9137.0,720.0,12.690277777777778,1404.0,600.0,2.34,5085.0,735.0,6.918367346938775
2031,Stromile Swift,2000,2,Louisiana State,College/University,,,,,4141.0,451.0,9.181818181818182,254.0,189.0,1.343915343915344,2315.0,465.0,4.978494623655914
2032,Darius Miles,2000,3,East St. Louis,High School,,,,,4034.0,375.0,10.757333333333333,751.0,302.0,2.486754966887417,1985.0,385.0,5.1558441558441555
2033,Marcus Fizer,2000,4,Iowa State,College/University,,,,,2331.0,236.0,9.877118644067796,299.0,170.0,1.7588235294117647,1130.0,241.0,4.6887966804979255
2034,Mike Miller,2000,5,Florida,College/University,,,,,9821.0,819.0,11.991452991452991,2340.0,769.0,3.0429128738621585,3974.0,877.0,4.531356898517674
2035,DerMarr Johnson,2000,6,Cincinnati,College/University,,,,,1888.0,243.0,7.769547325102881,264.0,159.0,1.6603773584905661,669.0,230.0,2.908695652173913
2036,Chris Mihm,2000,7,Texas,College/University,,,,,2836.0,350.0,8.102857142857143,189.0,142.0,1.3309859154929577,2021.0,361.0,5.598337950138504
2037,Jamal Crawford,2000,8,Michigan,College/University,76.5,175.0,82.0,21.021829210987228,17749.0,1176.0,15.092687074829932,4126.0,1143.0,3.6097987751531058,2693.0,1015.0,2.65320197044335
2038,Joel Przybilla,2000,9,Minnesota,College/University,,,,,2125.0,410.0,5.182926829268292,235.0,172.0,1.3662790697674418,3400.0,506.0,6.719367588932807
2039,Keyon Dooling,2000,10,Missouri,College/University,,,,,4738.0,616.0,7.691558441558442,1463.0,555.0,2.636036036036036,912.0,474.0,1.9240506329113924
2040,Jerome Moiso,2000,11,California-Los Angeles,College/University,,,,,373.0,85.0,4.3882352941176475,38.0,32.0,1.1875,369.0,111.0,3.324324324324324
2041,Etan Thomas,2000,12,Syracuse,College/University,,,,,2061.0,323.0,6.3808049535603715,133.0,100.0,1.33,1735.0,347.0,5.0
2042,Courtney Alexander,2000,13,Fresno State,College/University,,,,,1538.0,152.0,10.118421052631579,195.0,102.0,1.911764705882353,363.0,128.0,2.8359375
2043,Mateen Cleaves,2000,14,Michigan State,College/University,,,,,553.0,95.0,5.821052631578947,272.0,97.0,2.804123711340206,153.0,73.0,2.095890410958904
2044,Jason Collier,2000,15,Georgia Tech,College/University,,,,,724.0,107.0,6.766355140186916,40.0,34.0,1.1764705882352942,370.0,110.0,3.3636363636363638
2045,Hedo Turkoglu,2000,16,Anadolu Efes S.K. (Turkey),Other Team/Club,,,,,10609.0,890.0,11.920224719101123,2737.0,810.0,3.3790123456790124,3858.0,905.0,4.262983425414364
2046,Desmond Mason,2000,17,Oklahoma State,College/University,,,,,6829.0,552.0,12.371376811594203,903.0,409.0,2.2078239608801957,2513.0,549.0,4.577413479052823
2047,Quentin Richardson,2000,18,DePaul,College/University,,,,,7353.0,664.0,11.073795180722891,1064.0,514.0,2.0700389105058368,3383.0,698.0,4.846704871060172
2048,Jamaal Magloire,2000,19,Kentucky,College/University,,,,,4546.0,542.0,8.387453874538746,365.0,256.0,1.42578125,4107.0,609.0,6.74384236453202
2049,Speedy Claxton,2000,20,Hofstra,College/University,70.5,166.0,72.0,23.479301845983603,2757.0,285.0,9.673684210526316,1247.0,292.0,4.27054794520548,740.0,269.0,2.7509293680297398
2050,Morris Peterson,2000,21,Michigan State,College/University,,,,,6776.0,608.0,11.144736842105264,978.0,435.0,2.2482758620689656,2283.0,608.0,3.754934210526316
2051,Donnell Harvey,2000,22,Florida,College/University,79.25,220.0,84.5,24.625182855834968,985.0,139.0,7.086330935251799,134.0,75.0,1.7866666666666666,716.0,161.0,4.447204968944099
2052,DeShawn Stevenson,2000,23,Washington Union,High School,,,,,5232.0,599.0,8.734557595993323,1221.0,512.0,2.384765625,1573.0,579.0,2.7167530224525045
2053,Dalibor Bagaric,2000,24,KK Dubrava (Croatia),Other Team/Club,,,,,240.0,62.0,3.870967741935484,34.0,27.0,1.2592592592592593,210.0,70.0,3.0
2054,Jake Tsakalidis,2000,25,A.E.K. Athens B.C. (Greece),Other Team/Club,,,,,1312.0,224.0,5.857142857142857,88.0,72.0,1.2222222222222223,1101.0,248.0,4.439516129032258
2055,Mamadou N'diaye,2000,26,Auburn,College/University,,,,,216.0,43.0,5.023255813953488,6.0,5.0,1.2,185.0,49.0,3.7755102040816326
2056,Primoz Brezec,2000,27,KK Olimpija (Slovenia),Other Team/Club,84.75,243.0,86.0,23.783851515388832,2088.0,229.0,9.117903930131005,151.0,104.0,1.4519230769230769,1142.0,244.0,4.680327868852459
2057,Erick Barkley,2000,28,St. John's (NY),College/University,,,,,59.0,13.0,4.538461538461538,36.0,16.0,2.25,17.0,9.0,1.8888888888888888
2058,Mark Madsen,2000,29,Stanford,College/University,80.0,236.5,84.5,25.978046875,927.0,238.0,3.8949579831932772,180.0,128.0,1.40625,1129.0,346.0,3.2630057803468207
2198,Kwame Brown,2001,1,Glynn Academy,High School,82.0,243.0,85.0,25.405859607376563,3543.0,457.0,7.7527352297593,482.0,280.0,1.7214285714285715,2888.0,496.0,5.82258064516129
2199,Tyson Chandler,2001,2,Dominguez,High School,83.5,224.0,87.0,22.585535515794756,8463.0,1002.0,8.446107784431138,843.0,543.0,1.5524861878453038,9372.0,1038.0,9.028901734104046
2200,Pau Gasol,2001,3,FC Barcelona Basquet (Spain),Other Team/Club,,,,,20055.0,1180.0,16.99576271186441,3806.0,1121.0,3.3951828724353255,11016.0,1191.0,9.249370277078086
2201,Eddy Curry,2001,4,Thornwood,High School,82.5,301.0,90.5,31.08951331496786,5946.0,436.0,13.637614678899082,255.0,178.0,1.4325842696629214,2369.0,436.0,5.43348623853211
2202,Jason Richardson,2001,5,Michigan State,College/University,76.75,213.0,83.5,25.42015299897081,13016.0,745.0,17.471140939597316,1984.0,675.0,2.9392592592592592,3790.0,736.0,5.149456521739131
2203,Shane Battier,2001,6,Duke,College/University,80.25,229.0,82.5,24.99773876418125,7751.0,856.0,9.054906542056075,1589.0,701.0,2.2667617689015693,3802.0,867.0,4.385236447520184
2204,Eddie Griffin,2001,7,Seton Hall,College/University,81.25,222.0,87.0,23.640766863905327,1948.0,233.0,8.360515021459227,216.0,139.0,1.5539568345323742,1564.0,263.0,5.946768060836502
2205,DeSagana Diop,2001,8,Oak Hill Academy,High School,82.0,314.0,90.5,32.828970850684115,1052.0,306.0,3.4379084967320264,221.0,168.0,1.3154761904761905,1942.0,464.0,4.185344827586207
2206,Rodney White,2001,9,North Carolina-Charlotte,College/University,79.5,243.0,83.5,27.028835884656463,1342.0,166.0,8.08433734939759,203.0,107.0,1.897196261682243,428.0,154.0,2.779220779220779
2207,Joe Johnson,2001,10,Arkansas,College/University,78.75,226.0,81.0,25.619027462836986,18928.0,1179.0,16.054283290924513,4595.0,1118.0,4.110017889087657,4812.0,1144.0,4.206293706293707
2208,Kedrick Brown,2001,11,Northwest Florida State,College/University,,,,,442.0,89.0,4.966292134831461,90.0,60.0,1.5,290.0,104.0,2.7884615384615383
2209,Vladimir Radmanovic,2001,12,KK FMP (Serbia),Other Team/Club,,,,,5330.0,596.0,8.942953020134228,905.0,472.0,1.9173728813559323,2511.0,617.0,4.069692058346839
2210,Richard Jefferson,2001,13,Arizona,College/University,79.25,223.0,84.0,24.96098080386908,14361.0,1055.0,13.612322274881517,2265.0,880.0,2.5738636363636362,4595.0,1049.0,4.380362249761678
2211,Troy Murphy,2001,14,Notre Dame,College/University,81.75,230.0,83.0,24.193997886448017,6612.0,569.0,11.620386643233743,901.0,436.0,2.06651376146789,4754.0,582.0,8.168384879725085
2212,Steven Hunter,2001,15,DePaul,College/University,82.25,224.0,88.0,23.277242449718685,1608.0,280.0,5.742857142857143,64.0,60.0,1.0666666666666667,1139.0,304.0,3.7467105263157894
2213,Kirk Haston,2001,16,Indiana,College/University,80.0,242.0,84.25,26.5821875,30.0,12.0,2.5,7.0,5.0,1.4,24.0,13.0,1.8461538461538463
2214,Michael Bradley,2001,17,Villanova,College/University,81.5,227.0,85.5,24.025142082878542,422.0,84.0,5.023809523809524,79.0,56.0,1.4107142857142858,521.0,117.0,4.452991452991453
2215,Jason Collins,2001,18,Stanford,College/University,82.25,251.0,88.5,26.082981494997274,2482.0,503.0,4.934393638170974,569.0,322.0,1.7670807453416149,2569.0,599.0,4.28881469115192
2216,Zach Randolph,2001,19,Michigan State,College/University,,,,,16664.0,990.0,16.832323232323233,1857.0,785.0,2.3656050955414014,8997.0,995.0,9.042211055276383
2217,Brendan Haywood,2001,20,North Carolina,College/University,83.75,266.0,90.5,26.660441078191134,5035.0,658.0,7.651975683890577,393.0,280.0,1.4035714285714285,4274.0,679.0,6.294550810014727
2218,Joseph Forte,2001,21,North Carolina,College/University,75.5,193.0,78.5,23.8022893732731,20.0,6.0,3.3333333333333335,14.0,9.0,1.5555555555555556,15.0,10.0,1.5
2219,Jeryl Sasser,2001,22,Southern Methodist,College/University,77.5,194.0,82.5,22.70668054110302,191.0,40.0,4.775,58.0,38.0,1.5263157894736843,173.0,59.0,2.9322033898305087
2220,Brandon Armstrong,2001,23,Pepperdine,College/University,75.5,188.0,81.5,23.18564975220385,206.0,53.0,3.8867924528301887,26.0,22.0,1.1818181818181819,56.0,37.0,1.5135135135135136
2221,Raul Lopez,2001,24,Real Madrid Baloncesto (Spain),Other Team/Club,,,,,661.0,94.0,7.031914893617022,381.0,95.0,4.010526315789473,179.0,81.0,2.2098765432098766
2222,Gerald Wallace,2001,25,Alabama,College/University,,,,,8497.0,622.0,13.660771704180064,1414.0,531.0,2.662900188323917,4072.0,646.0,6.303405572755418
2223,Samuel Dalembert,2001,26,Seton Hall,College/University,,,,,6119.0,735.0,8.32517006802721,427.0,299.0,1.4280936454849498,6302.0,775.0,8.131612903225806
2224,Jamaal Tinsley,2001,27,Iowa State,College/University,72.75,199.0,79.5,26.43275351023252,3955.0,393.0,10.063613231552162,2740.0,418.0,6.555023923444976,1366.0,395.0,3.458227848101266
2225,Tony Parker,2001,28,Paris Basket Racing (France),Other Team/Club,,,,,19814.0,1256.0,15.77547770700637,6884.0,1251.0,5.502797761790568,3481.0,1169.0,2.97775876817793
2397,Yao Ming,2002,1,Shanghai Sharks (China),Other Team/Club,,,,,9141.0,476.0,19.20378151260504,743.0,352.0,2.1107954545454546,4429.0,476.0,9.304621848739496
2398,Jay Williams,2002,2,Duke,College/University,72.25,197.0,75.5,26.530525257120964,649.0,63.0,10.301587301587302,309.0,68.0,4.544117647058823,172.0,60.0,2.8666666666666667
2399,Mike Dunleavy,2002,3,Duke,College/University,80.0,230.0,81.0,25.2640625,9316.0,811.0,11.487053020961776,1840.0,704.0,2.6136363636363638,3538.0,808.0,4.378712871287129
2400,Drew Gooden,2002,4,Kansas,College/University,80.75,227.0,84.5,24.473502094336187,8212.0,714.0,11.50140056022409,843.0,454.0,1.8568281938325992,5320.0,732.0,7.26775956284153
2401,Nikoloz Tskitishvili,2002,5,Universo Treviso Basket (Italy),Other Team/Club,,,,,466.0,98.0,4.755102040816326,100.0,61.0,1.639344262295082,273.0,114.0,2.3947368421052633
2402,Dajuan Wagner,2002,6,Memphis,College/University,72.75,193.0,74.0,25.635786067712946,916.0,89.0,10.292134831460674,190.0,74.0,2.5675675675675675,136.0,69.0,1.9710144927536233
2403,Nene,2002,7,CR Vasco da Gama (Brazil),Other Team/Club,81.25,253.0,88.5,26.9419550295858,10261.0,917.0,11.189749182115595,1574.0,703.0,2.2389758179231865,5522.0,925.0,5.96972972972973
2404,Chris Wilcox,2002,8,Maryland,College/University,80.25,218.0,85.0,23.79697402005027,4321.0,455.0,9.496703296703297,378.0,250.0,1.512,2554.0,486.0,5.255144032921811
2405,Amar'e Stoudemire,2002,9,Cypress Creek,High School,80.5,233.0,85.75,25.27664827745843,15514.0,809.0,19.176761433868975,991.0,521.0,1.9021113243761996,6482.0,816.0,7.943627450980392
2406,Caron Butler,2002,10,Connecticut,College/University,77.25,222.0,83.5,26.15238633864329,11080.0,756.0,14.656084656084657,1810.0,653.0,2.771822358346095,3997.0,753.0,5.308100929614874
2407,Jared Jeffries,2002,11,Indiana,College/University,82.0,230.0,84.5,24.046698393813205,2716.0,455.0,5.969230769230769,700.0,361.0,1.9390581717451523,2285.0,499.0,4.579158316633267
2408,Melvin Ely,2002,12,Fresno State,College/University,81.0,240.0,88.0,25.715592135345222,1739.0,269.0,6.4646840148698885,224.0,150.0,1.4933333333333334,1079.0,284.0,3.7992957746478875
2409,Marcus Haislip,2002,13,Tennessee,College/University,80.5,221.0,84.0,23.97484664943482,243.0,50.0,4.86,14.0,12.0,1.1666666666666667,107.0,52.0,2.0576923076923075
2410,Fred Jones,2002,14,Oregon,College/University,74.25,218.0,84.0,27.79834257275335,2852.0,326.0,8.748466257668712,870.0,324.0,2.685185185185185,865.0,325.0,2.6615384615384614
2411,Bostjan Nachbar,2002,15,Universo Treviso Basket (Italy),Other Team/Club,,,,,2093.0,238.0,8.794117647058824,267.0,162.0,1.6481481481481481,765.0,242.0,3.1611570247933884
2412,Jiri Welsch,2002,16,KK Olimpija (Slovenia),Other Team/Club,,,,,1352.0,185.0,7.308108108108108,328.0,148.0,2.2162162162162162,549.0,177.0,3.1016949152542375
2413,Juan Dixon,2002,17,Maryland,College/University,,,,,3291.0,346.0,9.511560693641618,676.0,291.0,2.323024054982818,722.0,305.0,2.3672131147540982
2414,Curtis Borchardt,2002,18,Stanford,College/University,82.75,238.0,86.5,24.43409607433302,218.0,52.0,4.1923076923076925,54.0,35.0,1.542857142857143,237.0,63.0,3.761904761904762
2415,Ryan Humphrey,2002,19,Notre Dame,College/University,78.0,223.0,84.0,25.76742274819198,189.0,51.0,3.7058823529411766,18.0,14.0,1.2857142857142858,178.0,63.0,2.8253968253968256
2416,Kareem Rush,2002,20,Missouri,College/University,76.75,199.0,81.75,23.7493448206347,1977.0,240.0,8.2375,306.0,190.0,1.6105263157894736,500.0,215.0,2.3255813953488373
2417,Qyntel Woods,2002,21,Northeast Mississippi Community College,College/University,79.0,213.0,82.0,23.99278961704855,604.0,97.0,6.22680412371134,94.0,56.0,1.6785714285714286,346.0,105.0,3.295238095238095
2418,Casey Jacobsen,2002,22,Stanford,College/University,,,,,1319.0,200.0,6.595,265.0,144.0,1.8402777777777777,443.0,197.0,2.248730964467005
2419,Tayshaun Prince,2002,23,Kentucky,College/University,,,,,10301.0,879.0,11.718998862343572,2227.0,797.0,2.794228356336261,4066.0,892.0,4.558295964125561
2420,Nenad Krstic,2002,24,KK Partizan (Serbia),Other Team/Club,,,,,3792.0,369.0,10.276422764227643,313.0,198.0,1.5808080808080809,2091.0,377.0,5.546419098143236
2421,Frank Williams,2002,25,Illinois,College/University,73.5,212.0,80.0,27.587764357443657,234.0,45.0,5.2,154.0,59.0,2.610169491525424,70.0,45.0,1.5555555555555556
2422,John Salmons,2002,26,Miami (FL),College/University,77.5,207.0,82.25,24.228262226847033,7014.0,649.0,10.807395993836671,1788.0,619.0,2.888529886914378,2215.0,654.0,3.3868501529051986
2423,Chris Jefferies,2002,27,Fresno State,College/University,,,,,227.0,41.0,5.536585365853658,24.0,15.0,1.6,71.0,35.0,2.0285714285714285
2424,Dan Dickau,2002,28,Gonzaga,College/University,,,,,1461.0,207.0,7.057971014492754,636.0,189.0,3.365079365079365,343.0,158.0,2.170886075949367
2544,LeBron James,2003,1,Saint Vincent-Saint Mary,High School,79.25,245.0,84.25,27.423499089452577,39730.0,1463.0,27.15652768284347,10637.0,1461.0,7.28062970568104,11299.0,1460.0,7.739041095890411
2545,Darko Milicic,2003,2,KK Vrsac (Serbia),Other Team/Club,83.5,250.0,89.0,25.20707088816379,2498.0,334.0,7.479041916167665,346.0,201.0,1.7213930348258706,1737.0,364.0,4.771978021978022
2546,Carmelo Anthony,2003,3,Syracuse,College/University,78.25,233.0,84.0,26.75115597791138,26328.0,1192.0,22.08724832214765,3194.0,1061.0,3.010367577756833,7443.0,1189.0,6.259882253994954
2547,Chris Bosh,2003,4,Georgia Tech,College/University,82.25,225.0,87.5,23.381158710654926,15934.0,838.0,19.014319809069214,1655.0,691.0,2.3950795947901593,7089.0,839.0,8.449344457687724
2548,Dwyane Wade,2003,5,Marquette,College/University,75.75,212.0,82.75,25.973227025672863,22851.0,1056.0,21.639204545454547,5588.0,1043.0,5.357622243528284,4930.0,1040.0,4.740384615384615
2549,Chris Kaman,2003,6,Central Michigan,College/University,83.5,252.0,83.75,25.4087274552691,6743.0,578.0,11.666089965397925,799.0,403.0,1.9826302729528535,4622.0,593.0,7.7942664418212475
2550,Kirk Hinrich,2003,7,Kansas,College/University,74.75,186.0,78.0,23.401617431572355,8699.0,740.0,11.755405405405405,3677.0,749.0,4.9092122830440585,2289.0,713.0,3.2103786816269286
2551,T.J. Ford,2003,8,Texas,College/University,71.0,162.0,71.5,22.591946042451895,4296.0,373.0,11.517426273458446,2233.0,380.0,5.876315789473685,1208.0,344.0,3.511627906976744
2552,Michael Sweetney,2003,9,Georgetown,College/University,79.25,262.0,85.0,29.326354128312552,1362.0,191.0,7.130890052356021,130.0,93.0,1.3978494623655915,929.0,194.0,4.788659793814433
2553,Jarvis Hayes,2003,10,Georgia,College/University,,,,,3178.0,372.0,8.543010752688172,420.0,243.0,1.728395061728395,1213.0,352.0,3.446022727272727
2554,Mickael Pietrus,2003,11,Elan Bearnais Pau-Orthez (France),Other Team/Club,,,,,4379.0,466.0,9.396995708154506,398.0,262.0,1.5190839694656488,1626.0,456.0,3.5657894736842106
2555,Nick Collison,2003,12,Kansas,College/University,80.75,255.0,85.5,27.492260061919506,4872.0,727.0,6.701513067400275,830.0,495.0,1.6767676767676767,4310.0,792.0,5.441919191919192
2556,Marcus Banks,2003,13,Nevada-Las Vegas,College/University,,,,,1921.0,270.0,7.114814814814815,698.0,249.0,2.8032128514056227,496.0,231.0,2.1471861471861473
2557,Luke Ridnour,2003,14,Oregon,College/University,73.0,167.0,75.0,22.03058735222368,6346.0,646.0,9.823529411764707,3144.0,656.0,4.7926829268292686,1570.0,590.0,2.6610169491525424
2558,Reece Gaines,2003,15,Louisville,College/University,,,,,98.0,27.0,3.6296296296296298,40.0,24.0,1.6666666666666667,37.0,21.0,1.7619047619047619
2559,Troy Bell,2003,16,Boston College,College/University,72.25,178.0,77.0,23.971743633337724,7.0,2.0,3.5,3.0,3.0,1.0,3.0,3.0,1.0
2560,Zarko Cabarkapa,2003,17,KK Buducnost Podgorica (Montenegro),Other Team/Club,,,,,565.0,94.0,6.01063829787234,75.0,52.0,1.4423076923076923,277.0,92.0,3.010869565217391
2561,David West,2003,18,Xavier,College/University,80.25,226.0,88.25,24.670257470327346,12808.0,968.0,13.231404958677686,2157.0,825.0,2.6145454545454547,6131.0,977.0,6.275332650972365
2562,Sasha Pavlovic,2003,19,KK Buducnost Podgorica (Montenegro),Other Team/Club,,,,,2569.0,366.0,7.01912568306011,473.0,263.0,1.7984790874524714,915.0,363.0,2.520661157024793
2563,Dahntay Jones,2003,20,Duke,College/University,76.75,214.0,81.0,25.539496440280534,2993.0,441.0,6.786848072562358,456.0,272.0,1.6764705882352942,965.0,402.0,2.400497512437811
2564,Boris Diaw,2003,21,Elan Bearnais Pau-Orthez (France),Other Team/Club,,,,,8340.0,905.0,9.215469613259668,3407.0,896.0,3.802455357142857,4247.0,932.0,4.5568669527897
2565,Zoran Planinic,2003,22,KK Cibona (Croatia),Other Team/Club,,,,,504.0,92.0,5.478260869565218,139.0,69.0,2.0144927536231885,169.0,88.0,1.9204545454545454
2566,Travis Outlaw,2003,23,Starkville,High School,,,,,4711.0,476.0,9.897058823529411,461.0,279.0,1.6523297491039426,1770.0,475.0,3.7263157894736842
2567,Brian Cook,2003,24,Illinois,College/University,81.5,234.0,86.0,24.7660054951259,2127.0,304.0,6.996710526315789,233.0,163.0,1.4294478527607362,1042.0,317.0,3.2870662460567823
2568,Carlos Delfino,2003,25,Fortitudo Pallacanestro Bologna (Italy),Other Team/Club,,,,,3216.0,364.0,8.835164835164836,722.0,309.0,2.336569579288026,1472.0,377.0,3.9045092838196287
2569,Ndudi Ebi,2003,26,Westbury Christian School,High School,,,,,40.0,8.0,5.0,3.0,3.0,1.0,19.0,4.0,4.75
2570,Kendrick Perkins,2003,27,Clifton J. Ozen,High School,,,,,4203.0,663.0,6.339366515837104,737.0,452.0,1.6305309734513274,4454.0,749.0,5.9465954606141525
2571,Leandro Barbosa,2003,28,Associacao Bauru Basketball Team (Brazil),Other Team/Club,,,,,8620.0,782.0,11.023017902813299,1657.0,652.0,2.541411042944785,1683.0,682.0,2.467741935483871
2572,Josh Howard,2003,29,Wake Forest,College/University,77.25,202.0,86.0,23.796315497324073,6971.0,470.0,14.831914893617022,788.0,386.0,2.0414507772020727,2836.0,474.0,5.9831223628691985
2730,Dwight Howard,2004,1,Southwest Atlanta Christian Academy,High School,81.0,240.0,88.5,25.715592135345222,18579.0,1183.0,15.704987320371936,1594.0,833.0,1.9135654261704682,13913.0,1200.0,11.594166666666666
2731,Emeka Okafor,2004,2,Connecticut,College/University,80.75,257.0,88.0,27.7078856310326,5747.0,464.0,12.385775862068966,368.0,249.0,1.4779116465863453,4588.0,472.0,9.720338983050848
2732,Ben Gordon,2004,3,Connecticut,College/University,73.0,192.0,80.5,25.328579470820042,9478.0,593.0,15.983136593591906,1585.0,540.0,2.935185185185185,1567.0,539.0,2.9072356215213357
2733,Shaun Livingston,2004,4,Peoria,High School,78.25,186.0,83.0,21.35500005103655,4942.0,731.0,6.760601915184679,2231.0,705.0,3.1645390070921984,1880.0,690.0,2.7246376811594204
2734,Devin Harris,2004,5,Wisconsin,College/University,73.75,170.0,79.5,21.97253662740592,9223.0,833.0,11.07202881152461,3337.0,791.0,4.2187104930467765,1873.0,725.0,2.583448275862069
2735,Josh Childress,2004,6,Stanford,College/University,77.75,196.0,83.0,22.79347814848895,3167.0,316.0,10.022151898734178,545.0,247.0,2.2064777327935223,1640.0,329.0,4.984802431610942
2736,Luol Deng,2004,7,Duke,College/University,79.0,220.0,84.5,24.78128505047268,11438.0,785.0,14.570700636942675,1733.0,676.0,2.5636094674556213,4768.0,779.0,6.120667522464698
2737,Rafael Araujo,2004,8,Brigham Young,College/University,,,,,330.0,80.0,4.125,38.0,33.0,1.1515151515151516,335.0,102.0,3.284313725490196
2738,Andre Iguodala,2004,9,Arizona,College/University,77.75,217.0,83.0,25.23563652154134,13397.0,1183.0,11.324598478444631,4961.0,1181.0,4.200677392040643,5889.0,1209.0,4.870967741935484
2739,Luke Jackson,2004,10,Oregon,College/University,78.0,212.0,80.5,24.49638395792242,247.0,40.0,6.175,58.0,34.0,1.7058823529411764,86.0,38.0,2.263157894736842
2740,Andris Biedrins,2004,11,BK Skonto (Latvia),Other Team/Club,77.75,,82.5,,2903.0,357.0,8.131652661064425,419.0,228.0,1.837719298245614,3146.0,407.0,7.72972972972973
2741,Robert Swift,2004,12,Bakersfield,High School,,,,,349.0,62.0,5.629032258064516,15.0,14.0,1.0714285714285714,321.0,68.0,4.720588235294118
2742,Sebastian Telfair,2004,13,Abraham Lincoln,High School,,,,,3430.0,405.0,8.469135802469136,1636.0,413.0,3.9612590799031477,751.0,348.0,2.1580459770114944
2743,Kris Humphries,2004,14,Minnesota,College/University,80.25,238.0,84.5,25.980182645742957,4805.0,605.0,7.9421487603305785,495.0,320.0,1.546875,3735.0,629.0,5.9379968203497615
2744,Al Jefferson,2004,15,Prentiss,High School,80.5,263.0,86.5,28.531152347517455,12239.0,780.0,15.691025641025641,1118.0,563.0,1.985790408525755,6616.0,785.0,8.428025477707006
2745,Kirk Snyder,2004,16,Nevada-Reno,College/University,78.0,228.0,81.0,26.34516765285996,1152.0,155.0,7.432258064516129,216.0,111.0,1.945945945945946,430.0,144.0,2.986111111111111
2746,Josh Smith,2004,17,Oak Hill Academy,High School,79.0,221.0,84.0,24.893927255247558,11368.0,798.0,14.24561403508772,2429.0,725.0,3.350344827586207,5897.0,789.0,7.474017743979721
2747,JR Smith,2004,18,Saint Benedict's Preparatory School,High School,77.5,227.0,82.0,26.569157127991677,11151.0,907.0,12.294377067254686,1879.0,748.0,2.5120320855614975,2854.0,860.0,3.318604651162791
2748,Dorell Wright,2004,19,South Kent School,High School,,,,,3596.0,382.0,9.413612565445026,658.0,297.0,2.2154882154882154,1649.0,400.0,4.1225
2749,Jameer Nelson,2004,20,Saint Joseph's,College/University,71.0,199.0,74.5,27.751834953382264,8896.0,766.0,11.613577023498694,3941.0,781.0,5.046094750320102,2325.0,729.0,3.1893004115226335
2750,Pavel Podkolzin,2004,21,Pallacanestro Varese (Italy),Other Team/Club,87.5,303.0,89.75,27.821583673469387,1.0,1.0,1.0,,,,2.0,2.0,1.0
2751,Viktor Khryapa,2004,22,PBC CSKA Moscow (Russia),Other Team/Club,,,,,551.0,100.0,5.51,132.0,78.0,1.6923076923076923,431.0,110.0,3.918181818181818
2752,Sergei Monia,2004,23,PBC CSKA Moscow (Russia),Other Team/Club,,,,,69.0,14.0,4.928571428571429,18.0,9.0,2.0,48.0,14.0,3.4285714285714284
2753,Delonte West,2004,24,Saint Joseph's,College/University,73.5,183.0,78.0,23.813966402887687,4040.0,391.0,10.332480818414322,1447.0,386.0,3.7487046632124352,1193.0,378.0,3.1560846560846563
2754,Tony Allen,2004,25,Oklahoma State,College/University,75.5,214.0,81.0,26.392175781763957,6154.0,719.0,8.559109874826147,979.0,504.0,1.9424603174603174,2593.0,690.0,3.7579710144927536
2755,Kevin Martin,2004,26,Western Carolina,College/University,,,,,10167.0,564.0,18.02659574468085,1144.0,465.0,2.460215053763441,1904.0,524.0,3.633587786259542
2756,Sasha Vujacic,2004,27,Pallalcesto Amatori Udine (Italy),Other Team/Club,77.5,193.0,77.5,22.589635796045787,3079.0,439.0,7.0136674259681095,699.0,347.0,2.0144092219020173,1053.0,436.0,2.415137614678899
2757,Beno Udrih,2004,28,Olimpia Milano (Italy),Other Team/Club,74.5,199.0,76.5,25.205531282374668,6141.0,664.0,9.248493975903614,2462.0,645.0,3.8170542635658915,1511.0,586.0,2.5784982935153584
2758,David Harrison,2004,29,Colorado,College/University,,,,,763.0,123.0,6.203252032520325,40.0,34.0,1.1764705882352942,446.0,138.0,3.2318840579710146
101106,Andrew Bogut,2005,1,Utah,College/University,83.0,250.6,87.0,25.572913340107416,6317.0,649.0,9.733436055469953,1503.0,581.0,2.586919104991394,5828.0,685.0,8.508029197080292
101107,Marvin Williams,2005,2,North Carolina,College/University,79.0,228.2,87.5,25.704951129626664,9857.0,936.0,10.530982905982906,1237.0,696.0,1.7772988505747127,5122.0,961.0,5.329864724245578
101114,Deron Williams,2005,3,Illinois,College/University,73.75,202.4,78.25,26.160243608158577,12436.0,761.0,16.341655716162943,6222.0,761.0,8.176084099868595,2396.0,710.0,3.3746478873239436
101108,Chris Paul,2005,4,Wake Forest,College/University,71.75,178.0,76.25,24.30700870473115,21580.0,1205.0,17.90871369294606,11172.0,1205.0,9.27136929460581,5462.0,1185.0,4.609282700421941
101109,Raymond Felton,2005,5,North Carolina,College/University,71.5,199.4,76.25,27.420059660619103,9226.0,822.0,11.223844282238442,4313.0,803.0,5.371108343711083,2486.0,766.0,3.245430809399478
101110,Martell Webster,2005,6,Seattle Preparatory School,High School,78.0,229.6,83.0,26.530046022353712,3973.0,435.0,9.133333333333333,424.0,253.0,1.6758893280632412,1443.0,433.0,3.33256351039261
101111,Charlie Villanueva,2005,7,Connecticut,College/University,81.0,236.6,84.25,25.35128791342783,5703.0,493.0,11.567951318458418,453.0,282.0,1.6063829787234043,2514.0,494.0,5.089068825910931
101112,Channing Frye,2005,8,Arizona,College/University,81.5,243.6,86.5,25.782046746207985,7518.0,805.0,9.339130434782609,849.0,519.0,1.6358381502890174,3835.0,815.0,4.705521472392638
101113,Ike Diogu,2005,9,Arizona State,College/University,78.5,255.4,87.5,29.136468010872655,1159.0,151.0,7.675496688741722,59.0,47.0,1.2553191489361701,617.0,164.0,3.7621951219512195
101115,Andrew Bynum,2005,10,Saint Joseph,High School,,,,,5010.0,407.0,12.309582309582309,480.0,269.0,1.7843866171003717,3301.0,423.0,7.803782505910165
101116,Fran Vazquez,2005,11,Baloncesto Malaga (Spain),Other Team/Club,,,,,,,,,,,,,
101117,Yaroslav Korolev,2005,12,PBC CSKA Moscow (Russia),Other Team/Club,,,,,26.0,8.0,3.25,9.0,7.0,1.2857142857142858,11.0,6.0,1.8333333333333333
101118,Sean May,2005,13,North Carolina,College/University,79.0,258.8,85.25,29.151802595737863,728.0,90.0,8.088888888888889,100.0,53.0,1.8867924528301887,424.0,93.0,4.559139784946237
101119,Rashad McCants,2005,14,North Carolina,College/University,74.75,201.0,82.75,25.28884464379593,2248.0,197.0,11.411167512690355,299.0,147.0,2.0340136054421767,451.0,170.0,2.652941176470588
101120,Antoine Wright,2005,15,Texas A&M,College/University,77.25,202.6,80.75,23.866997622563648,1477.0,226.0,6.535398230088496,273.0,160.0,1.70625,637.0,215.0,2.9627906976744187
101121,Joey Graham,2005,16,Oklahoma State,College/University,77.25,216.6,80.0,25.5162472114871,2023.0,291.0,6.951890034364261,172.0,127.0,1.3543307086614174,968.0,291.0,3.3264604810996565
101122,Danny Granger,2005,17,New Mexico,College/University,79.5,225.4,85.5,25.071191804121675,8846.0,520.0,17.01153846153846,1015.0,418.0,2.4282296650717705,2622.0,527.0,4.975332068311196
101123,Gerald Green,2005,18,Gulf Shores Academy,High School,78.0,192.0,81.75,22.185404339250493,6231.0,580.0,10.743103448275862,555.0,332.0,1.6716867469879517,1567.0,530.0,2.956603773584906
101124,Hakim Warrick,2005,19,Syracuse,College/University,79.25,215.0,86.0,24.065519609111444,4359.0,409.0,10.657701711491443,342.0,225.0,1.52,1809.0,407.0,4.444717444717445
101125,Julius Hodge,2005,20,North Carolina State,College/University,78.0,202.2,84.5,23.364003944773177,28.0,10.0,2.8,18.0,10.0,1.8,15.0,8.0,1.875
101126,Nate Robinson,2005,21,Washington,College/University,67.75,181.0,73.0,27.721409022208302,5447.0,472.0,11.540254237288135,1398.0,443.0,3.1557562076749437,1186.0,419.0,2.8305489260143197
101127,Jarrett Jack,2005,22,Georgia Tech,College/University,74.5,197.6,79.5,25.02820593666952,7526.0,703.0,10.705547652916074,3133.0,691.0,4.534008683068017,2031.0,647.0,3.1391035548686244
101128,Francisco Garcia,2005,23,Louisville,College/University,77.75,189.6,82.75,22.04920131098727,3663.0,395.0,9.273417721518987,615.0,291.0,2.11340206185567,1179.0,395.0,2.9848101265822784
101129,Luther Head,2005,24,Illinois,College/University,74.0,178.8,77.25,22.954054054054055,2640.0,289.0,9.134948096885813,689.0,260.0,2.65,803.0,277.0,2.898916967509025
101130,Johan Petro,2005,25,Elan Bearnais Pau-Orthez (France),Other Team/Club,,,,,1946.0,347.0,5.60806916426513,199.0,134.0,1.4850746268656716,1613.0,377.0,4.278514588859417
101131,Jason Maxiell,2005,26,Cincinnati,College/University,77.0,257.6,87.25,30.54356552538371,2888.0,430.0,6.716279069767442,215.0,155.0,1.3870967741935485,2091.0,469.0,4.458422174840085
101132,Linas Kleiza,2005,27,Missouri,College/University,,,,,3254.0,333.0,9.771771771771771,279.0,178.0,1.5674157303370786,1392.0,341.0,4.0821114369501466
101133,Ian Mahinmi,2005,28,STB Le Havre (France),Other Team/Club,,,,,2841.0,479.0,5.931106471816284,325.0,210.0,1.5476190476190477,2401.0,513.0,4.680311890838206
101134,Wayne Simien,2005,29,Kansas,College/University,79.25,255.8,84.0,28.632371702375384,161.0,33.0,4.878787878787879,10.0,8.0,1.25,93.0,37.0,2.5135135135135136
101135,David Lee,2005,30,Florida,College/University,79.75,229.5,84.0,25.36743939230157,9042.0,691.0,13.085383502170767,1458.0,576.0,2.53125,5996.0,712.0,8.42134831460674
200745,Andrea Bargnani,2006,1,Universo Treviso Basket (Italy),Other Team/Club,,,,,6810.0,457.0,14.901531728665208,555.0,295.0,1.88135593220339,2194.0,452.0,4.853982300884955
200746,LaMarcus Aldridge,2006,2,Texas,College/University,82.0,234.0,88.75,24.464901844140392,19137.0,1004.0,19.060756972111555,1897.0,810.0,2.3419753086419752,8065.0,1005.0,8.024875621890548
200747,Adam Morrison,2006,3,Gonzaga,College/University,78.5,198.0,82.0,22.588178019392267,991.0,112.0,8.848214285714286,185.0,94.0,1.9680851063829787,287.0,112.0,2.5625
200748,Tyrus Thomas,2006,4,Louisiana State,College/University,79.25,217.0,87.0,24.289384907800855,2658.0,310.0,8.574193548387097,284.0,175.0,1.6228571428571428,1706.0,320.0,5.33125
200749,Shelden Williams,2006,5,Duke,College/University,79.5,258.0,88.25,28.697282544203155,1432.0,246.0,5.821138211382114,150.0,104.0,1.4423076923076923,1381.0,291.0,4.745704467353952
200750,Brandon Roy,2006,6,Washington,College/University,77.25,207.0,80.0,24.38533320765388,5916.0,311.0,19.022508038585208,1434.0,303.0,4.732673267326732,1319.0,303.0,4.353135313531353
200751,Randy Foye,2006,7,Villanova,College/University,74.25,212.0,78.25,27.03325057533812,6485.0,609.0,10.648604269293925,1847.0,567.0,3.257495590828924,1498.0,546.0,2.7435897435897436
200752,Rudy Gay,2006,8,Connecticut,College/University,79.0,222.0,87.0,25.006569460022433,15251.0,968.0,15.755165289256198,1939.0,799.0,2.4267834793491865,5526.0,972.0,5.685185185185185
200753,Patrick O'Bryant,2006,9,Bradley,College/University,83.0,249.0,89.75,25.40963855421687,162.0,47.0,3.4468085106382977,23.0,18.0,1.2777777777777777,110.0,49.0,2.2448979591836733
200754,Mouhamed Sene,2006,10,VOO Wolves Verviers-Pepinster (Belgium),Other Team/Club,83.0,237.0,92.5,24.18507766003774,75.0,21.0,3.5714285714285716,,,,56.0,23.0,2.4347826086956523
200755,JJ Redick,2006,11,Duke,College/University,76.0,190.0,75.25,23.125,11016.0,851.0,12.944770857814335,1592.0,681.0,2.3377386196769456,1714.0,743.0,2.306864064602961
200756,Hilton Armstrong,2006,12,Connecticut,College/University,81.5,240.0,88.0,25.401031277052205,823.0,183.0,4.497267759562842,97.0,83.0,1.1686746987951808,722.0,236.0,3.059322033898305
200757,Thabo Sefolosha,2006,13,Pallacanestro Biella (Italy),Other Team/Club,,,,,4599.0,689.0,6.6748911465892595,1115.0,571.0,1.9527145359019265,3020.0,765.0,3.947712418300654
200758,Ronnie Brewer,2006,14,Arkansas,College/University,77.75,223.0,83.25,25.933396056699166,3637.0,391.0,9.301790281329923,770.0,323.0,2.3839009287925697,1261.0,385.0,3.275324675324675
200759,Cedric Simmons,2006,15,North Carolina State,College/University,80.25,223.0,88.25,24.342776176473443,157.0,37.0,4.243243243243243,14.0,12.0,1.1666666666666667,129.0,50.0,2.58
200760,Rodney Carney,2006,16,Memphis,College/University,76.5,204.0,82.0,24.505446623093682,1626.0,220.0,7.390909090909091,124.0,99.0,1.2525252525252526,543.0,208.0,2.610576923076923
200761,Shawne Williams,2006,17,Memphis,College/University,79.25,227.0,87.0,25.4087114012479,1731.0,250.0,6.924,213.0,138.0,1.5434782608695652,917.0,253.0,3.624505928853755
200762,Oleksiy Pecherov,2006,18,Paris Basket Racing (France),Other Team/Club,,,,,398.0,68.0,5.852941176470588,18.0,13.0,1.3846153846153846,249.0,77.0,3.2337662337662336
200763,Quincy Douby,2006,19,Rutgers,College/University,,,,,478.0,89.0,5.370786516853933,80.0,54.0,1.4814814814814814,135.0,78.0,1.7307692307692308
200764,Renaldo Balkman,2006,20,South Carolina,College/University,77.25,206.0,85.0,24.26752966558792,810.0,140.0,5.785714285714286,123.0,88.0,1.3977272727272727,689.0,166.0,4.150602409638554
200765,Rajon Rondo,2006,21,Kentucky,College/University,,,,,9367.0,903.0,10.373200442967885,7466.0,942.0,7.925690021231422,4395.0,920.0,4.7771739130434785
200766,Marcus Williams,2006,22,Connecticut,College/University,74.0,215.0,79.0,27.60135135135135,1058.0,153.0,6.915032679738562,541.0,165.0,3.278787878787879,341.0,133.0,2.56390977443609
200767,Josh Boone,2006,23,Connecticut,College/University,,,,,1207.0,186.0,6.489247311827957,114.0,87.0,1.3103448275862069,1124.0,210.0,5.352380952380952
200768,Kyle Lowry,2006,24,Villanova,College/University,,,,,15639.0,1050.0,14.894285714285715,6530.0,1050.0,6.219047619047619,4566.0,1036.0,4.4073359073359075
200769,Shannon Brown,2006,25,Michigan State,College/University,,,,,2577.0,327.0,7.8807339449541285,350.0,194.0,1.8041237113402062,651.0,287.0,2.268292682926829
200770,Jordan Farmar,2006,26,California-Los Angeles,College/University,72.75,171.0,75.0,22.713572111807842,3920.0,478.0,8.200836820083682,1499.0,466.0,3.2167381974248928,994.0,426.0,2.3333333333333335
200771,Sergio Rodriguez,2006,27,CB Estudiantes (Spain),Other Team/Club,,,,,1650.0,266.0,6.203007518796992,1111.0,294.0,3.7789115646258504,497.0,233.0,2.133047210300429
200772,Maurice Ager,2006,28,Michigan State,College/University,75.25,203.0,79.75,25.202194236266706,172.0,34.0,5.0588235294117645,17.0,14.0,1.2142857142857142,41.0,23.0,1.7826086956521738
200776,Mardy Collins,2006,29,Temple,College/University,76.25,224.0,82.0,27.084676162321955,665.0,111.0,5.990990990990991,291.0,97.0,3.0,304.0,110.0,2.7636363636363637
200777,Joel Freeland,2006,30,CB Gran Canaria (Spain),Other Team/Club,,,,,390.0,87.0,4.482758620689655,61.0,47.0,1.297872340425532,449.0,102.0,4.401960784313726
201141,Greg Oden,2007,1,Ohio State,College/University,83.0,257.0,88.25,26.226012483669617,789.0,93.0,8.483870967741936,46.0,32.0,1.4375,628.0,100.0,6.28
201142,Kevin Durant,2007,2,Texas,College/University,81.0,215.0,88.75,23.03688462124676,27801.0,1017.0,27.336283185840706,4318.0,980.0,4.406122448979592,7190.0,1015.0,7.083743842364532
201143,Al Horford,2007,3,Florida,College/University,80.0,246.0,84.75,27.0215625,13508.0,1038.0,13.013487475915221,3435.0,979.0,3.508682328907048,8168.0,1042.0,7.838771593090211
201144,Mike Conley,2007,4,Ohio State,College/University,71.0,175.0,77.75,24.404879984130133,13820.0,933.0,14.812433011789924,5367.0,931.0,5.764769065520945,2839.0,873.0,3.252004581901489
201145,Jeff Green,2007,5,Georgetown,College/University,79.0,228.0,85.25,25.682422688671686,12815.0,1056.0,12.135416666666666,1606.0,806.0,1.9925558312655087,4378.0,1022.0,4.283757338551859
201146,Yi Jianlian,2007,6,Guangdong Southern Tigers (China),Other Team/Club,77.75,,82.5,,1929.0,221.0,8.728506787330316,171.0,113.0,1.5132743362831858,1201.0,227.0,5.290748898678414
201147,Corey Brewer,2007,7,Florida,College/University,78.0,185.0,80.25,21.37656147271532,5996.0,651.0,9.210445468509985,1061.0,528.0,2.009469696969697,1991.0,627.0,3.175438596491228
201148,Brandan Wright,2007,8,North Carolina,College/University,80.75,200.0,87.75,21.562556911309414,2369.0,317.0,7.473186119873817,162.0,119.0,1.361344537815126,1268.0,327.0,3.8776758409785934
201149,Joakim Noah,2007,9,Florida,College/University,82.0,223.0,85.25,23.31484235574063,5060.0,571.0,8.861646234676007,1675.0,503.0,3.3300198807157058,5412.0,599.0,9.035058430717863
201150,Spencer Hawes,2007,10,Washington,College/University,82.0,244.0,84.5,25.51041046995836,4896.0,553.0,8.853526220614828,1078.0,458.0,2.353711790393013,3228.0,575.0,5.613913043478261
201151,Acie Law,2007,11,Texas A&M,College/University,74.0,186.0,78.5,23.87837837837838,646.0,117.0,5.521367521367521,279.0,122.0,2.2868852459016393,179.0,98.0,1.8265306122448979
201152,Thaddeus Young,2007,12,Georgia Tech,College/University,77.75,210.0,83.5,24.421583730523878,12568.0,1022.0,12.297455968688846,1884.0,800.0,2.355,5847.0,1032.0,5.665697674418604
201153,Julian Wright,2007,13,Kansas,College/University,78.5,211.0,86.25,24.07124021258469,835.0,161.0,5.186335403726708,159.0,98.0,1.6224489795918366,485.0,165.0,2.9393939393939394
201154,Al Thornton,2007,14,Florida State,College/University,77.75,221.0,85.0,25.70080954497989,3168.0,255.0,12.423529411764706,319.0,184.0,1.733695652173913,1098.0,251.0,4.374501992031872
201155,Rodney Stuckey,2007,15,Eastern Washington,College/University,75.75,207.0,79.25,25.360650916576805,6745.0,523.0,12.896749521988527,1937.0,507.0,3.8205128205128207,1603.0,505.0,3.1742574257425744
201156,Nick Young,2007,16,Southern California,College/University,77.0,206.0,84.0,24.425366840951256,7262.0,600.0,12.103333333333333,572.0,357.0,1.6022408963585435,1244.0,513.0,2.4249512670565303
201157,Sean Williams,2007,17,Boston College,College/University,,,,,518.0,94.0,5.51063829787234,42.0,32.0,1.3125,432.0,110.0,3.9272727272727272
201158,Marco Belinelli,2007,18,Fortitudo Pallacanestro Bologna (Italy),Other Team/Club,,,,,7457.0,722.0,10.328254847645429,1267.0,596.0,2.1258389261744965,1596.0,633.0,2.5213270142180093
201159,Javaris Crittenton,2007,19,Georgia Tech,College/University,75.0,194.0,77.5,24.24568888888889,537.0,72.0,7.458333333333333,184.0,66.0,2.787878787878788,249.0,83.0,3.0
201160,Jason Smith,2007,20,Colorado State,College/University,82.75,233.0,82.75,23.920774728233585,3225.0,476.0,6.775210084033613,401.0,256.0,1.56640625,1788.0,498.0,3.5903614457831323
201161,Daequan Cook,2007,21,Ohio State,College/University,75.0,203.0,80.25,25.37048888888889,1891.0,228.0,8.293859649122806,206.0,127.0,1.6220472440944882,632.0,232.0,2.7241379310344827
201162,Jared Dudley,2007,22,Boston College,College/University,77.0,219.0,79.0,25.966773486254006,5571.0,672.0,8.290178571428571,1151.0,560.0,2.055357142857143,2472.0,699.0,3.536480686695279
201163,Wilson Chandler,2007,23,DePaul,College/University,,,,,7361.0,586.0,12.561433447098976,1073.0,484.0,2.2169421487603307,3155.0,590.0,5.3474576271186445
201164,Rudy Fernandez,2007,24,Joventut Badalona (Spain),Other Team/Club,76.75,172.0,79.5,20.527071905272205,2133.0,229.0,9.314410480349345,517.0,207.0,2.497584541062802,599.0,220.0,2.7227272727272727
201165,Morris Almond,2007,25,Rice,College/University,76.75,214.0,82.0,25.539496440280534,105.0,22.0,4.7727272727272725,11.0,9.0,1.2222222222222223,42.0,16.0,2.625
201166,Aaron Brooks,2007,26,Oregon,College/University,70.0,161.0,76.0,23.09857142857143,5841.0,540.0,10.816666666666666,1772.0,509.0,3.481335952848723,1005.0,443.0,2.2686230248306996
201167,Arron Afflalo,2007,27,California-Los Angeles,College/University,,,,,6959.0,634.0,10.976340694006309,1157.0,494.0,2.3421052631578947,1880.0,609.0,3.0870279146141213
201168,Tiago Splitter,2007,28,Saski Baskonia (Spain),Other Team/Club,,,,,2164.0,292.0,7.410958904109589,346.0,195.0,1.7743589743589743,1421.0,296.0,4.800675675675675
201169,Alando Tucker,2007,29,Wisconsin,College/University,,,,,185.0,30.0,6.166666666666667,16.0,14.0,1.1428571428571428,40.0,27.0,1.4814814814814814
201170,Petteri Koponen,2007,30,Espoon Honka (Finland),Other Team/Club,,,,,,,,,,,,,
201565,Derrick Rose,2008,1,Memphis,College/University,73.5,196.0,80.0,25.50566893424036,12366.0,686.0,18.026239067055393,3684.0,681.0,5.409691629955947,2281.0,639.0,3.569640062597809
201563,Michael Beasley,2008,2,Kansas State,College/University,79.0,239.0,84.25,26.921486941195322,6356.0,497.0,12.788732394366198,640.0,335.0,1.9104477611940298,2434.0,491.0,4.957230142566192
201564,O.J. Mayo,2008,3,Southern California,College/University,75.25,200.0,78.0,24.829748016026315,5966.0,431.0,13.842227378190255,1210.0,406.0,2.980295566502463,1340.0,408.0,3.284313725490196
201566,Russell Westbrook,2008,4,California-Los Angeles,College/University,74.25,192.0,79.75,24.48294391728735,23453.0,1052.0,22.293726235741445,8765.0,1052.0,8.331749049429657,7698.0,1049.0,7.338417540514776
201567,Kevin Love,2008,5,California-Los Angeles,College/University,79.75,255.0,83.25,28.186043769223964,14247.0,852.0,16.721830985915492,1957.0,735.0,2.6625850340136052,8660.0,861.0,10.058072009291521
201568,Danilo Gallinari,2008,6,Olimpia Milano (Italy),Other Team/Club,,,,,10296.0,657.0,15.67123287671233,1229.0,533.0,2.3058161350844277,3172.0,655.0,4.842748091603053
201569,Eric Gordon,2008,7,Indiana,College/University,74.0,222.0,81.0,28.5,12474.0,775.0,16.09548387096774,2150.0,718.0,2.9944289693593316,1875.0,703.0,2.667140825035562
201570,Joe Alexander,2008,8,West Virginia,College/University,79.25,220.0,83.5,24.625182855834968,262.0,46.0,5.695652173913044,39.0,25.0,1.56,113.0,48.0,2.3541666666666665
201571,D.J. Augustin,2008,9,Texas,College/University,70.0,171.5,75.5,24.605,8576.0,833.0,10.2953181272509,3455.0,822.0,4.20316301703163,1642.0,716.0,2.293296089385475
201572,Brook Lopez,2008,10,Stanford,College/University,83.25,258.0,89.5,26.17017017017017,14240.0,896.0,15.892857142857142,1253.0,616.0,2.034090909090909,5483.0,893.0,6.139977603583427
201573,Jerryd Bayless,2008,11,Arizona,College/University,73.75,204.0,75.5,26.3670439528871,4140.0,452.0,9.15929203539823,1377.0,425.0,3.24,1028.0,405.0,2.5382716049382714
201574,Jason Thompson,2008,12,Rider,College/University,,,,,3935.0,445.0,8.842696629213483,508.0,297.0,1.7104377104377104,3124.0,462.0,6.761904761904762
201575,Brandon Rush,2008,13,Kansas,College/University,77.0,211.4,83.25,25.065643447461632,2981.0,358.0,8.3268156424581,424.0,253.0,1.6758893280632412,1312.0,398.0,3.2964824120603016
201576,Anthony Randolph,2008,14,Louisiana State,College/University,81.0,197.0,87.0,21.10821521109587,1550.0,175.0,8.857142857142858,156.0,94.0,1.6595744680851063,917.0,182.0,5.038461538461538
201577,Robin Lopez,2008,15,Stanford,College/University,,,,,7311.0,817.0,8.94859241126071,722.0,430.0,1.6790697674418604,4218.0,819.0,5.1501831501831505
201578,Marreese Speights,2008,16,Florida,College/University,,,,,4954.0,604.0,8.201986754966887,414.0,278.0,1.4892086330935252,2485.0,597.0,4.1624790619765495
201579,Roy Hibbert,2008,17,Georgetown,College/University,,,,,5799.0,569.0,10.191564147627416,772.0,387.0,1.9948320413436693,3717.0,576.0,6.453125
201580,JaVale McGee,2008,18,Nevada-Reno,College/University,83.0,241.0,90.0,24.593264624764117,6075.0,747.0,8.132530120481928,361.0,264.0,1.3674242424242424,4100.0,758.0,5.408970976253298
201581,JJ Hickson,2008,19,North Carolina State,College/University,,,,,3706.0,382.0,9.701570680628272,339.0,200.0,1.695,2520.0,392.0,6.428571428571429
201582,Alexis Ajinca,2008,20,Hyeres-Toulon Var Basket (France),Other Team/Club,,,,,1485.0,223.0,6.6591928251121075,128.0,91.0,1.4065934065934067,1110.0,243.0,4.567901234567901
201583,Ryan Anderson,2008,21,California,College/University,,,,,6582.0,527.0,12.48956356736243,487.0,310.0,1.570967741935484,2933.0,558.0,5.256272401433692
201584,Courtney Lee,2008,22,Western Kentucky,College/University,,,,,7007.0,690.0,10.155072463768116,1191.0,561.0,2.122994652406417,1872.0,648.0,2.888888888888889
201585,Kosta Koufos,2008,23,Ohio State,College/University,,,,,3180.0,499.0,6.372745490981964,317.0,236.0,1.3432203389830508,2810.0,543.0,5.1749539594843466
201586,Serge Ibaka,2008,24,CB L'Hospitalet (Spain),Other Team/Club,,,,,10858.0,902.0,12.037694013303769,758.0,474.0,1.59915611814346,6412.0,919.0,6.97714907508161
201587,Nicolas Batum,2008,25,Le Mans Sarthe Basket (France),Other Team/Club,,,,,9581.0,875.0,10.949714285714286,2931.0,794.0,3.691435768261965,4561.0,899.0,5.073414905450501
201588,George Hill,2008,26,IUPUI,College/University,73.25,181.0,81.0,23.714754976761522,9345.0,869.0,10.75373993095512,2637.0,835.0,3.1580838323353295,2726.0,841.0,3.2413793103448274
201589,Darrell Arthur,2008,27,Kansas,College/University,79.5,216.0,82.75,24.02563189747241,2823.0,396.0,7.128787878787879,360.0,224.0,1.6071428571428572,1546.0,406.0,3.8078817733990147
201590,Donte Greene,2008,28,Syracuse,College/University,80.25,221.0,82.0,24.124455313904175,1428.0,187.0,7.636363636363637,168.0,105.0,1.6,547.0,183.0,2.989071038251366
201591,DJ White,2008,29,Indiana,College/University,,,,,699.0,103.0,6.786407766990291,69.0,51.0,1.3529411764705883,382.0,107.0,3.5700934579439254
201592,J.R. Giddens,2008,30,New Mexico,College/University,76.0,208.0,83.25,25.31578947368421,65.0,18.0,3.611111111111111,10.0,9.0,1.1111111111111112,52.0,20.0,2.6
201933,Blake Griffin,2009,1,Oklahoma,College/University,80.5,248.4,83.25,26.947293700088732,13738.0,709.0,19.376586741889987,2848.0,689.0,4.133526850507983,5708.0,722.0,7.905817174515235
201934,Hasheem Thabeet,2009,2,Connecticut,College/University,85.25,267.2,90.25,25.846575106853226,315.0,90.0,3.5,16.0,15.0,1.0666666666666667,397.0,121.0,3.28099173553719
201935,James Harden,2009,3,Arizona State,College/University,76.0,222.0,82.75,27.019736842105264,24814.0,1034.0,23.99806576402321,7197.0,1005.0,7.161194029850746,5845.0,1028.0,5.68579766536965
201936,Tyreke Evans,2009,4,Memphis,College/University,76.0,220.6,83.25,26.849342105263155,7772.0,488.0,15.926229508196721,2416.0,481.0,5.022869022869023,2269.0,481.0,4.717255717255718
201937,Ricky Rubio,2009,5,Joventut Badalona (Spain),Other Team/Club,,,,,6754.0,611.0,11.054009819967266,4519.0,618.0,7.3122977346278315,2506.0,603.0,4.155887230514097
201938,Jonny Flynn,2009,6,Syracuse,College/University,71.25,195.6,76.0,27.086596491228068,1330.0,135.0,9.851851851851851,566.0,136.0,4.161764705882353,278.0,115.0,2.417391304347826
201939,Stephen Curry,2009,7,Davidson,College/University,74.0,181.0,75.5,23.236486486486488,22545.0,901.0,25.02219755826859,5747.0,901.0,6.378468368479467,4377.0,891.0,4.912457912457913
201941,Jordan Hill,2009,8,Arizona,College/University,81.25,232.4,85.5,24.74826224852071,2935.0,344.0,8.531976744186046,308.0,193.0,1.5958549222797926,2250.0,375.0,6.0
201942,DeMar DeRozan,2009,9,Southern California,College/University,77.5,211.2,81.0,24.71985015608741,20128.0,950.0,21.187368421052632,3869.0,887.0,4.361894024802706,4221.0,927.0,4.553398058252427
201943,Brandon Jennings,2009,10,Pallacanestro Virtus Roma (Italy),Other Team/Club,,,,,5992.0,441.0,13.587301587301587,2459.0,456.0,5.392543859649122,1345.0,421.0,3.1947743467933494
201944,Terrence Williams,2009,11,Louisville,College/University,77.0,213.2,81.0,25.27906898296509,883.0,104.0,8.490384615384615,298.0,92.0,3.239130434782609,468.0,109.0,4.293577981651376
201945,Gerald Henderson,2009,12,Duke,College/University,76.0,214.6,82.25,26.11907894736842,4814.0,431.0,11.169373549883991,813.0,340.0,2.3911764705882352,1426.0,415.0,3.436144578313253
201946,Tyler Hansbrough,2009,13,North Carolina,College/University,80.25,234.2,83.5,25.565373006861346,2461.0,321.0,7.666666666666667,156.0,120.0,1.3,1561.0,348.0,4.485632183908046
201947,Earl Clark,2009,14,Louisville,College/University,80.5,228.4,86.5,24.777624320049384,739.0,144.0,5.131944444444445,79.0,63.0,1.253968253968254,471.0,151.0,3.119205298013245
201948,Austin Daye,2009,15,Gonzaga,College/University,81.75,191.8,86.75,20.175690411394477,1218.0,171.0,7.12280701754386,167.0,100.0,1.67,621.0,185.0,3.3567567567567567
201949,James Johnson,2009,16,Wake Forest,College/University,79.0,257.2,84.75,28.971575068098062,5415.0,610.0,8.87704918032787,1486.0,533.0,2.7879924953095685,2454.0,628.0,3.9076433121019107
201950,Jrue Holiday,2009,17,California-Los Angeles,College/University,75.25,199.0,79.0,24.70559927594618,13951.0,852.0,16.374413145539908,5420.0,847.0,6.399055489964581,3539.0,830.0,4.263855421686747
201951,Ty Lawson,2009,18,North Carolina,College/University,71.25,196.6,72.75,27.22507602339181,5841.0,467.0,12.507494646680943,2805.0,470.0,5.968085106382978,1328.0,430.0,3.088372093023256
201952,Jeff Teague,2009,19,Wake Forest,College/University,72.25,175.2,79.5,23.594660025622296,9339.0,726.0,12.863636363636363,4105.0,733.0,5.600272851296044,1879.0,660.0,2.846969696969697
201953,Eric Maynor,2009,20,Virginia Commonwealth,College/University,74.25,163.6,74.5,20.861508462855266,911.0,167.0,5.455089820359281,587.0,200.0,2.935,312.0,159.0,1.9622641509433962
201954,Darren Collison,2009,21,California-Los Angeles,College/University,72.25,166.2,75.0,22.38260557225129,7945.0,628.0,12.651273885350319,3076.0,613.0,5.0179445350734095,1672.0,580.0,2.882758620689655
201964,Victor Claver,2009,22,Valencia BC (Spain),Other Team/Club,,,,,86.0,22.0,3.909090909090909,15.0,11.0,1.3636363636363635,65.0,21.0,3.0952380952380953
201956,Omri Casspi,2009,23,Maccabi Tel Aviv B.C. (Israel),Other Team/Club,79.75,211.2,81.25,23.344676251216086,4200.0,477.0,8.80503144654088,583.0,326.0,1.7883435582822085,2097.0,483.0,4.341614906832298
201957,Byron Mullens,2009,24,Ohio State,College/University,83.75,258.2,85.5,25.878668745823123,842.0,103.0,8.174757281553399,77.0,55.0,1.4,456.0,109.0,4.18348623853211
201958,Rodrigue Beaubois,2009,25,Cholet Basket (France),Other Team/Club,73.25,182.4,81.75,23.898184020780672,1002.0,108.0,9.277777777777779,255.0,104.0,2.451923076923077,249.0,93.0,2.6774193548387095
201959,Taj Gibson,2009,26,Southern California,College/University,80.5,214.4,88.0,23.258855754021837,7867.0,838.0,9.38782816229117,839.0,513.0,1.635477582846004,5186.0,860.0,6.030232558139535
201960,DeMarre Carroll,2009,27,Missouri,College/University,78.25,207.2,82.0,23.789010809541796,4898.0,486.0,10.078189300411523,686.0,346.0,1.9826589595375723,2356.0,495.0,4.759595959595959
201961,Wayne Ellington,2009,28,North Carolina,College/University,76.25,202.4,78.5,24.47293953238377,5335.0,590.0,9.042372881355933,730.0,416.0,1.7548076923076923,1432.0,557.0,2.570915619389587
201962,Toney Douglas,2009,29,Florida State,College/University,73.0,183.4,78.0,24.194070182022894,2374.0,274.0,8.664233576642335,716.0,245.0,2.9224489795918367,736.0,259.0,2.841698841698842
201963,Christian Eyenga,2009,30,CB Prat (Spain),Other Team/Club,,,,,263.0,40.0,6.575,26.0,19.0,1.368421052631579,106.0,40.0,2.65
202322,John Wall,2010,1,Kentucky,College/University,74.75,195.6,81.25,24.609442847395442,11590.0,623.0,18.603531300160515,5526.0,621.0,8.898550724637682,2570.0,611.0,4.2062193126022915
202323,Evan Turner,2010,2,Ohio State,College/University,77.75,213.8,80.0,24.8634981027905,5799.0,592.0,9.795608108108109,2131.0,594.0,3.5875420875420874,2876.0,619.0,4.646203554119547
202324,Derrick Favors,2010,3,Georgia Tech,College/University,80.75,245.2,88.0,26.435694773265343,7508.0,696.0,10.78735632183908,775.0,441.0,1.7573696145124718,5014.0,708.0,7.081920903954802
202325,Wesley Johnson,2010,4,Syracuse,College/University,78.25,206.4,85.0,23.697161346956694,3676.0,477.0,7.70649895178197,579.0,318.0,1.820754716981132,1772.0,490.0,3.6163265306122447
202326,DeMarcus Cousins,2010,5,Kentucky,College/University,81.5,291.8,89.75,30.883420527682638,11066.0,567.0,19.516754850088184,1688.0,496.0,3.403225806451613,5658.0,565.0,10.014159292035398
202327,Ekpe Udoh,2010,6,Baylor,College/University,80.75,237.4,88.5,25.594755053724278,948.0,204.0,4.647058823529412,208.0,136.0,1.5294117647058822,794.0,246.0,3.227642276422764
202328,Greg Monroe,2010,7,Georgetown,College/University,81.75,246.6,86.25,25.940173386078612,6727.0,530.0,12.69245283018868,1041.0,433.0,2.404157043879908,4258.0,542.0,7.856088560885609
202329,Al-Farouq Aminu,2010,8,Wake Forest,College/University,79.25,216.0,87.25,24.17745225845615,5007.0,592.0,8.45777027027027,787.0,425.0,1.851764705882353,3756.0,620.0,6.058064516129032
202330,Gordon Hayward,2010,9,Butler,College/University,78.75,211.0,79.75,23.918649533887628,10860.0,675.0,16.08888888888889,2514.0,647.0,3.885625965996909,3202.0,678.0,4.722713864306785
202331,Paul George,2010,10,Fresno State,College/University,79.75,214.4,83.25,23.698383467143604,16439.0,784.0,20.96811224489796,2911.0,742.0,3.9231805929919137,5013.0,788.0,6.361675126903553
202332,Cole Aldrich,2010,11,Kansas,College/University,81.0,236.0,88.75,25.286998933089468,910.0,184.0,4.945652173913044,154.0,106.0,1.4528301886792452,1000.0,230.0,4.3478260869565215
202333,Xavier Henry,2010,12,Kansas,College/University,77.25,210.2,83.25,24.762304542264953,882.0,105.0,8.4,98.0,63.0,1.5555555555555556,237.0,92.0,2.5760869565217392
202334,Ed Davis,2010,13,North Carolina,College/University,81.0,226.6,84.0,24.279804907788446,3519.0,544.0,6.46875,460.0,290.0,1.5862068965517242,4036.0,613.0,6.584013050570962
202335,Patrick Patterson,2010,14,Kentucky,College/University,80.0,239.6,85.25,26.3185625,4113.0,566.0,7.26678445229682,674.0,396.0,1.702020202020202,2480.0,601.0,4.126455906821963
202336,Larry Sanders,2010,15,Virginia Commonwealth,College/University,81.25,222.4,89.75,23.68336284023669,795.0,133.0,5.977443609022556,91.0,62.0,1.467741935483871,682.0,141.0,4.836879432624113
202337,Luke Babbitt,2010,16,Nevada-Reno,College/University,79.5,217.8,83.25,24.225845496618014,1589.0,226.0,7.030973451327434,186.0,122.0,1.5245901639344261,703.0,237.0,2.9662447257383966
202338,Kevin Seraphin,2010,17,Cholet Basket (France),Other Team/Club,,,,,1879.0,284.0,6.616197183098592,197.0,137.0,1.437956204379562,1180.0,312.0,3.782051282051282
202339,Eric Bledsoe,2010,18,Kentucky,College/University,72.25,191.6,79.5,25.803292585098355,9747.0,668.0,14.591317365269461,3338.0,668.0,4.997005988023952,2746.0,655.0,4.19236641221374
202340,Avery Bradley,2010,19,Texas,College/University,74.0,180.4,79.25,23.15945945945946,6990.0,580.0,12.051724137931034,1022.0,463.0,2.2073434125269977,1793.0,553.0,3.2423146473779387
202341,James Anderson,2010,20,Oklahoma State,College/University,76.75,207.6,80.5,24.77569841589831,1201.0,151.0,7.953642384105961,235.0,121.0,1.9421487603305785,445.0,154.0,2.8896103896103895
202342,Craig Brackins,2010,21,Iowa State,College/University,80.5,229.0,84.0,24.84271440145056,22.0,7.0,3.142857142857143,7.0,5.0,1.4,15.0,8.0,1.875
202343,Elliot Williams,2010,22,Memphis,College/University,,,,,537.0,87.0,6.172413793103448,95.0,55.0,1.7272727272727273,163.0,78.0,2.08974358974359
202344,Trevor Booker,2010,23,Clemson,College/University,78.25,235.8,81.75,27.07262909695924,3313.0,440.0,7.529545454545454,519.0,292.0,1.7773972602739727,2643.0,459.0,5.758169934640523
202345,Damion James,2010,24,Texas,College/University,78.25,226.6,84.75,26.01636027723055,202.0,39.0,5.17948717948718,34.0,20.0,1.7,173.0,43.0,4.023255813953488
202346,Dominique Jones,2010,25,South Florida,College/University,75.25,216.0,81.25,26.81612785730842,94.0,19.0,4.947368421052632,49.0,19.0,2.5789473684210527,53.0,25.0,2.12
202347,Quincy Pondexter,2010,26,Washington,College/University,,,,,1407.0,206.0,6.830097087378641,232.0,139.0,1.669064748201439,553.0,225.0,2.457777777777778
202348,Jordan Crawford,2010,27,Xavier,College/University,75.0,198.4,79.0,24.795591111111115,2592.0,211.0,12.28436018957346,656.0,184.0,3.5652173913043477,513.0,188.0,2.728723404255319
202349,Greivis Vasquez,2010,28,Maryland,College/University,77.0,210.8,79.0,24.99450160229381,2477.0,294.0,8.42517006802721,1213.0,303.0,4.003300330033003,695.0,274.0,2.5364963503649633
202350,Daniel Orton,2010,29,Kentucky,College/University,80.75,269.2,88.25,29.023201602622475,110.0,23.0,4.782608695652174,23.0,15.0,1.5333333333333334,93.0,31.0,3.0
202351,Lazar Hayward,2010,30,Marquette,College/University,76.5,225.8,84.75,27.124165919090945,180.0,37.0,4.864864864864865,29.0,21.0,1.380952380952381,83.0,36.0,2.3055555555555554
202681,Kyrie Irving,2011,1,Duke,College/University,73.75,191.0,76.0,24.686791151967824,15145.0,643.0,23.553654743390357,3638.0,638.0,5.702194357366771,2563.0,627.0,4.087719298245614
202682,Derrick Williams,2011,2,Arizona,College/University,79.25,248.4,85.5,27.804070097224574,2914.0,326.0,8.938650306748466,253.0,162.0,1.5617283950617284,1223.0,315.0,3.8825396825396825
202683,Enes Freedom,2011,3,Kentucky,College/University,81.75,259.2,85.5,27.265583705075333,7944.0,668.0,11.892215568862275,613.0,359.0,1.7075208913649025,5532.0,687.0,8.052401746724891
202684,Tristan Thompson,2011,4,Texas,College/University,79.5,227.4,85.25,25.2936513587279,5802.0,649.0,8.939907550077042,649.0,387.0,1.677002583979328,5593.0,676.0,8.273668639053254
202685,Jonas Valanciunas,2011,5,BC Lietuvos rytas (Lithuania),Other Team/Club,,,,,10010.0,732.0,13.674863387978142,929.0,466.0,1.9935622317596566,7104.0,734.0,9.678474114441418
202686,Jan Vesely,2011,6,KK Partizan (Serbia),Other Team/Club,,,,,453.0,81.0,5.592592592592593,64.0,43.0,1.4883720930232558,446.0,97.0,4.597938144329897
202687,Bismack Biyombo,2011,7,Baloncesto Fuenlabrada (Spain),Other Team/Club,,,,,3770.0,628.0,6.003184713375796,462.0,309.0,1.4951456310679612,4257.0,698.0,6.098853868194842
202688,Brandon Knight,2011,8,Kentucky,College/University,73.5,176.8,78.75,23.00715442639641,4929.0,344.0,14.328488372093023,1402.0,329.0,4.261398176291793,1086.0,318.0,3.4150943396226414
202689,Kemba Walker,2011,9,Connecticut,College/University,71.5,184.0,75.5,25.302361973690644,13093.0,680.0,19.254411764705882,3502.0,677.0,5.172821270310192,2586.0,657.0,3.9360730593607305
202690,Jimmer Fredette,2011,10,Brigham Young,College/University,,,,,931.0,132.0,7.053030303030303,236.0,108.0,2.185185185185185,171.0,99.0,1.7272727272727273
202691,Klay Thompson,2011,11,Washington State,College/University,77.75,205.6,81.0,23.90989340474147,14766.0,746.0,19.79356568364611,1747.0,668.0,2.6152694610778444,2658.0,723.0,3.676348547717842
202692,Alec Burks,2011,12,Colorado,College/University,77.0,192.6,82.0,22.836532298869958,6709.0,562.0,11.937722419928825,1276.0,470.0,2.7148936170212767,2162.0,560.0,3.8607142857142858
202693,Markieff Morris,2011,13,Kansas,College/University,79.75,240.8,82.75,26.616467998545613,7395.0,658.0,11.238601823708207,1108.0,522.0,2.1226053639846745,3472.0,668.0,5.197604790419161
202694,Marcus Morris Sr.,2011,14,Kansas,College/University,79.0,229.6,82.0,25.862650216311486,9302.0,720.0,12.919444444444444,1157.0,553.0,2.092224231464738,3437.0,711.0,4.834036568213784
202695,Kawhi Leonard,2011,15,San Diego State,College/University,78.0,227.4,87.0,26.275838264299804,13652.0,666.0,20.4984984984985,2057.0,595.0,3.4571428571428573,4436.0,663.0,6.69079939668175
202696,Nikola Vucevic,2011,16,Southern California,College/University,82.25,259.8,88.5,26.99744459123622,12658.0,728.0,17.38736263736264,2109.0,666.0,3.1666666666666665,7569.0,736.0,10.283967391304348
202697,Iman Shumpert,2011,17,Georgia Tech,College/University,76.25,221.8,81.5,26.818665950013436,3292.0,425.0,7.745882352941177,794.0,345.0,2.301449275362319,1572.0,428.0,3.6728971962616823
202698,Chris Singleton,2011,18,Florida State,College/University,79.75,230.2,85.0,25.444812845785716,362.0,63.0,5.746031746031746,49.0,31.0,1.5806451612903225,258.0,74.0,3.4864864864864864
202699,Tobias Harris,2011,19,Tennessee,College/University,78.5,222.8,83.0,25.417404357174732,13021.0,775.0,16.801290322580645,1914.0,698.0,2.7421203438395416,5000.0,776.0,6.443298969072165
202700,Donatas Motiejunas,2011,20,Universo Treviso Basket (Italy),Other Team/Club,,,,,1596.0,185.0,8.627027027027028,238.0,132.0,1.803030303030303,878.0,198.0,4.434343434343434
202701,Nolan Smith,2011,21,Duke,College/University,73.5,187.6,77.5,24.412568837058632,161.0,29.0,5.551724137931035,60.0,25.0,2.4,51.0,27.0,1.8888888888888888
202702,Kenneth Faried,2011,22,Morehead State,College/University,78.0,224.6,84.0,25.95230111768573,4498.0,384.0,11.713541666666666,380.0,243.0,1.5637860082304527,3134.0,399.0,7.854636591478696
202703,Nikola Mirotic,2011,23,Real Madrid Baloncesto (Spain),Other Team/Club,,,,,4157.0,336.0,12.37202380952381,429.0,240.0,1.7875,2051.0,335.0,6.122388059701493
202704,Reggie Jackson,2011,24,Boston College,College/University,,,,,9694.0,692.0,14.008670520231213,3129.0,686.0,4.561224489795919,2178.0,661.0,3.2950075642965206
202705,MarShon Brooks,2011,25,Providence,College/University,76.25,194.6,85.0,23.529812416017197,1100.0,105.0,10.476190476190476,197.0,80.0,2.4625,304.0,98.0,3.1020408163265305
202706,Jordan Hamilton,2011,26,Texas,College/University,78.75,228.4,81.5,25.891087931468885,703.0,96.0,7.322916666666667,112.0,65.0,1.7230769230769232,333.0,92.0,3.619565217391304
202707,JaJuan Johnson,2011,27,Purdue,College/University,81.0,219.8,86.0,23.551196463953666,106.0,18.0,5.888888888888889,5.0,5.0,1.0,52.0,19.0,2.736842105263158
202708,Norris Cole,2011,28,Cleveland State,College/University,72.25,174.4,74.25,23.48692185198932,2254.0,286.0,7.881118881118881,876.0,278.0,3.1510791366906474,600.0,256.0,2.34375
202709,Cory Joseph,2011,29,Texas,College/University,74.0,186.2,77.5,23.904054054054054,5563.0,708.0,7.857344632768362,2327.0,671.0,3.46795827123696,1911.0,665.0,2.873684210526316
202710,Jimmy Butler,2011,30,Marquette,College/University,78.0,222.2,79.5,25.674983563445103,14193.0,722.0,19.657894736842106,3375.0,694.0,4.863112391930835,4095.0,717.0,5.7112970711297075
203076,Anthony Davis,2012,1,Kentucky,College/University,81.25,221.8,89.5,23.619468875739646,15800.0,632.0,25.0,1569.0,559.0,2.8067978533094813,6670.0,633.0,10.537124802527646
203077,Michael Kidd-Gilchrist,2012,2,Kentucky,College/University,77.75,232.8,84.0,27.07306996412361,3042.0,348.0,8.741379310344827,401.0,246.0,1.6300813008130082,1987.0,355.0,5.597183098591549
203078,Bradley Beal,2012,3,Florida,College/University,75.25,201.8,80.0,25.053215748170548,15263.0,677.0,22.545051698670605,2926.0,649.0,4.508474576271187,2765.0,658.0,4.202127659574468
203079,Dion Waiters,2012,4,Syracuse,College/University,74.5,221.0,79.25,27.992072429169855,4616.0,357.0,12.929971988795518,990.0,331.0,2.990936555891239,975.0,334.0,2.9191616766467066
203080,Thomas Robinson,2012,5,Kansas,College/University,79.75,244.2,87.25,26.9922819154686,1242.0,203.0,6.1182266009852215,151.0,103.0,1.4660194174757282,1247.0,234.0,5.329059829059829
203081,Damian Lillard,2012,6,Weber State,College/University,73.75,188.8,79.75,24.4024406779661,18541.0,724.0,25.609116022099446,4686.0,718.0,6.5264623955431755,3108.0,705.0,4.408510638297872
203084,Harrison Barnes,2012,7,North Carolina,College/University,79.0,227.8,83.25,25.65989424771671,11077.0,770.0,14.385714285714286,1389.0,639.0,2.1737089201877935,3953.0,765.0,5.167320261437909
203082,Terrence Ross,2012,8,Washington,College/University,78.0,196.6,79.25,22.716929651545033,7716.0,658.0,11.72644376899696,891.0,490.0,1.8183673469387756,1954.0,649.0,3.010785824345146
203083,Andre Drummond,2012,9,Connecticut,College/University,81.75,278.6,90.25,29.306294831149643,9634.0,698.0,13.802292263610315,993.0,454.0,2.1872246696035242,9139.0,704.0,12.981534090909092
203085,Austin Rivers,2012,10,Duke,College/University,75.5,202.8,79.25,25.010903030568834,5828.0,627.0,9.29505582137161,1454.0,553.0,2.6292947558770345,1416.0,570.0,2.4842105263157896
203086,Meyers Leonard,2012,11,Illinois,College/University,83.75,249.8,87.0,25.036760080196032,2274.0,323.0,7.040247678018575,372.0,215.0,1.7302325581395348,1539.0,362.0,4.251381215469613
203087,Jeremy Lamb,2012,12,Connecticut,College/University,76.0,179.2,83.0,21.81052631578947,5657.0,514.0,11.005836575875486,897.0,385.0,2.32987012987013,2040.0,500.0,4.08
203088,Kendall Marshall,2012,13,North Carolina,College/University,75.25,198.4,77.5,24.631110031898103,643.0,93.0,6.913978494623656,635.0,101.0,6.287128712871287,212.0,82.0,2.5853658536585367
203089,John Henson,2012,14,North Carolina,College/University,81.0,216.0,89.0,23.144032921810698,2991.0,357.0,8.378151260504202,467.0,253.0,1.8458498023715415,2077.0,373.0,5.568364611260054
203090,Maurice Harkless,2012,15,St. John's (NY),College/University,79.25,206.6,84.0,23.125285354615926,3909.0,501.0,7.802395209580839,546.0,324.0,1.6851851851851851,1983.0,514.0,3.857976653696498
203091,Royce White,2012,16,Iowa State,College/University,79.0,260.6,84.0,29.354558564332642,18.0,4.0,4.5,4.0,2.0,2.0,16.0,4.0,4.0
203092,Tyler Zeller,2012,17,North Carolina,College/University,83.25,247.4,84.0,25.094961628294964,2238.0,296.0,7.5608108108108105,280.0,168.0,1.6666666666666667,1368.0,315.0,4.3428571428571425
203093,Terrence Jones,2012,18,Kentucky,College/University,80.25,252.0,86.25,27.508428683727836,2566.0,230.0,11.156521739130435,257.0,149.0,1.7248322147651007,1391.0,233.0,5.969957081545064
203094,Andrew Nicholson,2012,19,St. Bonaventure,College/University,80.5,234.0,88.0,25.3851317464604,1177.0,160.0,7.35625,89.0,67.0,1.328358208955224,640.0,177.0,3.615819209039548
203095,Evan Fournier,2012,20,Poitiers Basket 86 (France),Other Team/Club,,,,,9289.0,632.0,14.697784810126583,1682.0,574.0,2.9303135888501743,1804.0,591.0,3.0524534686971236
203096,Jared Sullinger,2012,21,Ohio State,College/University,79.75,268.2,85.25,29.645086034924972,2700.0,223.0,12.10762331838565,447.0,184.0,2.4293478260869565,1795.0,231.0,7.770562770562771
203097,Fab Melo,2012,22,Syracuse,College/University,82.75,255.0,86.5,26.179388651071093,5.0,2.0,2.5,3.0,2.0,1.5,6.0,2.0,3.0
203098,John Jenkins,2012,23,Vanderbilt,College/University,75.25,212.0,80.5,26.31953289698789,639.0,90.0,7.1,96.0,58.0,1.6551724137931034,193.0,85.0,2.2705882352941176
203099,Jared Cunningham,2012,24,Oregon State,College/University,75.5,187.6,78.5,23.13631858251831,332.0,50.0,6.64,67.0,35.0,1.9142857142857144,74.0,39.0,1.8974358974358974
203100,Tony Wroten,2012,25,Washington,College/University,76.75,203.2,81.0,24.250587274135537,1513.0,114.0,13.271929824561404,413.0,106.0,3.8962264150943398,345.0,109.0,3.165137614678899
203101,Miles Plumlee,2012,26,Duke,College/University,82.5,252.4,84.75,26.06974471992654,1697.0,277.0,6.126353790613718,172.0,128.0,1.34375,1526.0,297.0,5.138047138047138
203102,Arnett Moultrie,2012,27,Mississippi State,College/University,81.5,232.8,86.25,24.639000338740637,87.0,12.0,7.25,8.0,4.0,2.0,54.0,13.0,4.153846153846154
203103,Perry Jones III,2012,28,Baylor,College/University,82.25,233.8,85.75,24.295621806893873,447.0,76.0,5.881578947368421,45.0,33.0,1.3636363636363635,228.0,87.0,2.6206896551724137
203104,Marquis Teague,2012,29,Kentucky,College/University,73.0,179.8,79.25,23.71915931694502,151.0,35.0,4.314285714285714,95.0,38.0,2.5,48.0,27.0,1.7777777777777777
203105,Festus Ezeli,2012,30,Vanderbilt,College/University,81.75,264.2,89.75,27.79154018086768,693.0,117.0,5.923076923076923,60.0,46.0,1.3043478260869565,546.0,125.0,4.368
203461,Anthony Bennett,2013,1,Nevada-Las Vegas,College/University,,,,,730.0,116.0,6.293103448275862,81.0,59.0,1.3728813559322033,492.0,127.0,3.874015748031496
203506,Victor Oladipo,2013,2,Indiana,College/University,75.25,213.2,81.25,26.46851138508405,8270.0,502.0,16.47410358565737,1944.0,490.0,3.9673469387755103,2223.0,492.0,4.5182926829268295
203490,Otto Porter Jr.,2013,3,Georgetown,College/University,79.5,197.6,85.5,21.97900399509513,5778.0,522.0,11.068965517241379,858.0,400.0,2.145,2779.0,529.0,5.253308128544424
203469,Cody Zeller,2013,4,Indiana,College/University,82.75,230.0,82.75,23.612781920573926,4334.0,512.0,8.46484375,717.0,380.0,1.8868421052631579,3085.0,527.0,5.8538899430740035
203458,Alex Len,2013,5,Maryland,College/University,77.75,,87.5,,4286.0,521.0,8.226487523992322,492.0,307.0,1.6026058631921825,3315.0,562.0,5.898576512455516
203457,Nerlens Noel,2013,6,Kentucky,College/University,82.0,206.4,87.75,21.57929803688281,3261.0,433.0,7.531177829099307,491.0,266.0,1.8458646616541354,2786.0,456.0,6.109649122807017
203463,Ben McLemore,2013,7,Kansas,College/University,75.5,189.2,79.75,23.333643261260473,5022.0,503.0,9.984095427435388,564.0,326.0,1.7300613496932515,1276.0,464.0,2.75
203484,Kentavious Caldwell-Pope,2013,8,Georgia,College/University,76.5,203.6,80.0,24.45739672775428,8622.0,738.0,11.682926829268293,1331.0,593.0,2.2445193929173692,2379.0,701.0,3.3937232524964336
203504,Trey Burke,2013,9,Michigan,College/University,71.75,187.0,77.5,25.53601476283553,4682.0,440.0,10.64090909090909,1497.0,421.0,3.5558194774346794,872.0,358.0,2.435754189944134
203468,CJ McCollum,2013,10,Lehigh,College/University,74.25,197.0,78.25,25.120520581800044,13352.0,670.0,19.928358208955224,2531.0,627.0,4.036682615629984,2486.0,641.0,3.8783151326053042
203487,Michael Carter-Williams,2013,11,Syracuse,College/University,76.75,184.4,79.25,22.006930577512758,3775.0,367.0,10.286103542234333,1622.0,362.0,4.480662983425415,1666.0,360.0,4.627777777777778
203500,Steven Adams,2013,12,Pittsburgh,College/University,82.75,254.5,88.5,26.12805651646115,6674.0,692.0,9.644508670520231,1049.0,506.0,2.0731225296442686,5873.0,716.0,8.202513966480447
203482,Kelly Olynyk,2013,13,Gonzaga,College/University,82.75,234.0,81.75,24.023438997453475,6941.0,653.0,10.629402756508423,1530.0,568.0,2.693661971830986,3509.0,671.0,5.229508196721311
203498,Shabazz Muhammad,2013,14,California-Los Angeles,College/University,76.75,221.8,83.0,26.470375282496367,2486.0,250.0,9.944,151.0,101.0,1.495049504950495,764.0,230.0,3.3217391304347825
203507,Giannis Antetokounmpo,2013,15,Basket Zaragoza 2002 (Spain),Other Team/Club,,,,,17458.0,763.0,22.880733944954127,3607.0,731.0,4.934336525307797,7446.0,761.0,9.784494086727989
203512,Lucas Nogueira,2013,16,CB Estudiantes (Spain),Other Team/Club,,,,,462.0,93.0,4.967741935483871,77.0,53.0,1.4528301886792452,395.0,121.0,3.2644628099173554
203471,Dennis Schroder,2013,17,Basketball Lowen Braunschweig (Germany),Other Team/Club,73.0,164.8,79.75,21.740364045787203,9749.0,690.0,14.128985507246377,3209.0,678.0,4.733038348082596,1999.0,653.0,3.0612557427258804
203499,Shane Larkin,2013,18,Miami (FL),College/University,70.25,170.8,70.75,24.33047200516711,1403.0,205.0,6.84390243902439,714.0,213.0,3.352112676056338,472.0,192.0,2.4583333333333335
203508,Sergey Karasev,2013,19,B.C. Zenit Saint Petersburg (Russia),Other Team/Club,,,,,338.0,61.0,5.540983606557377,92.0,52.0,1.7692307692307692,155.0,62.0,2.5
203503,Tony Snell,2013,20,New Mexico,College/University,78.0,198.2,83.5,22.901808021038793,3742.0,496.0,7.544354838709677,669.0,377.0,1.7745358090185677,1405.0,514.0,2.7334630350194553
203476,Gorgui Dieng,2013,21,Louisville,College/University,81.75,229.6,87.5,24.151921368384627,4485.0,545.0,8.229357798165138,812.0,410.0,1.9804878048780488,3423.0,585.0,5.851282051282051
203486,Mason Plumlee,2013,22,Duke,College/University,83.25,238.2,83.0,24.161761761761763,6267.0,742.0,8.446091644204852,1874.0,641.0,2.923556942277691,5125.0,748.0,6.851604278074866
203524,Solomon Hill,2013,23,Arizona,College/University,77.5,226.0,81.0,26.452112382934445,2433.0,369.0,6.59349593495935,655.0,321.0,2.040498442367601,1421.0,409.0,3.4743276283618583
203501,Tim Hardaway Jr.,2013,24,Michigan,College/University,76.5,199.4,79.0,23.95287282669059,9047.0,635.0,14.247244094488188,1182.0,505.0,2.3405940594059405,1862.0,592.0,3.14527027027027
203493,Reggie Bullock,2013,25,North Carolina,College/University,77.75,199.8,80.75,23.235392520755575,4006.0,429.0,9.337995337995338,634.0,319.0,1.9874608150470219,1405.0,448.0,3.1361607142857144
203460,Andre Roberson,2013,26,Colorado,College/University,78.25,205.8,83.0,23.628274250017864,1444.0,267.0,5.408239700374532,288.0,180.0,1.6,1327.0,305.0,4.350819672131148
203497,Rudy Gobert,2013,27,Cholet Basket (France),Other Team/Club,84.5,237.6,92.5,23.39313049262981,8659.0,675.0,12.828148148148149,895.0,482.0,1.8568464730290457,7996.0,686.0,11.65597667638484
203520,Livio Jean-Charles,2013,28,ASVEL Basket (France),Other Team/Club,,,,,6.0,2.0,3.0,3.0,3.0,1.0,11.0,4.0,2.75
203462,Archie Goodwin,2013,29,Kentucky,College/University,75.75,189.0,81.5,23.155376923830996,1079.0,146.0,7.390410958904109,211.0,97.0,2.1752577319587627,333.0,139.0,2.3956834532374103
203517,Nemanja Nedovic,2013,30,BC Lietuvos rytas (Lithuania),Other Team/Club,,,,,76.0,15.0,5.066666666666666,33.0,17.0,1.9411764705882353,24.0,14.0,1.7142857142857142
203952,Andrew Wiggins,2014,1,Kansas,College/University,,,,,11983.0,637.0,18.811616954474097,1434.0,559.0,2.565295169946333,2918.0,621.0,4.698872785829308
203953,Jabari Parker,2014,2,Duke,College/University,,,,,4389.0,306.0,14.343137254901961,604.0,249.0,2.42570281124498,1735.0,310.0,5.596774193548387
203954,Joel Embiid,2014,3,Kansas,College/University,,,,,11185.0,424.0,26.379716981132077,1363.0,400.0,3.4075,4642.0,423.0,10.973995271867611
203932,Aaron Gordon,2014,4,Arizona,College/University,79.5,220.1,83.75,24.48167398441517,8275.0,606.0,13.655115511551156,1569.0,523.0,3.0,3922.0,612.0,6.408496732026144
203957,Dante Exum,2014,5,Australian Institute of Sport (Australia),Other Team/Club,76.5,196.3,81.5,23.580486137810244,1486.0,218.0,6.81651376146789,557.0,205.0,2.7170731707317075,444.0,201.0,2.208955223880597
203935,Marcus Smart,2014,6,Oklahoma State,College/University,74.0,227.2,81.25,29.16756756756757,7135.0,647.0,11.027820710973725,3072.0,643.0,4.777604976671851,2380.0,635.0,3.748031496062992
203944,Julius Randle,2014,7,Kentucky,College/University,79.75,249.7,84.0,27.60021619284402,11110.0,604.0,18.394039735099337,2185.0,567.0,3.853615520282187,5614.0,604.0,9.294701986754967
203917,Nik Stauskas,2014,8,Michigan,College/University,77.25,206.9,79.75,24.373552853447286,2227.0,278.0,8.010791366906474,484.0,231.0,2.0952380952380953,672.0,253.0,2.656126482213439
203943,Noah Vonleh,2014,9,Indiana,College/University,80.0,247.1,88.25,27.142390624999997,1715.0,297.0,5.774410774410774,265.0,158.0,1.6772151898734178,1823.0,329.0,5.541033434650456
203901,Elfrid Payton,2014,10,Louisiana-Lafayette,College/University,74.5,185.4,80.0,23.482942209810368,4828.0,459.0,10.518518518518519,2726.0,466.0,5.849785407725322,1885.0,458.0,4.115720524017467
203926,Doug McDermott,2014,11,Creighton,College/University,78.25,218.0,81.25,25.02897855444069,5340.0,526.0,10.152091254752852,563.0,342.0,1.6461988304093567,1344.0,482.0,2.788381742738589
203967,Dario Saric,2014,12,KK Cibona (Croatia),Other Team/Club,,,,,4520.0,390.0,11.58974358974359,775.0,326.0,2.3773006134969323,2276.0,396.0,5.747474747474747
203897,Zach LaVine,2014,13,California-Los Angeles,College/University,76.5,180.9,80.25,21.730565167243366,10431.0,515.0,20.254368932038837,2024.0,501.0,4.039920159680639,2068.0,498.0,4.152610441767068
203933,T.J. Warren,2014,14,North Carolina State,College/University,79.0,220.2,82.25,24.803813491427658,5237.0,347.0,15.09221902017291,433.0,236.0,1.8347457627118644,1474.0,351.0,4.199430199430199
203940,Adreian Payne,2014,15,Michigan State,College/University,81.0,238.5,88.0,25.554869684499312,431.0,76.0,5.671052631578948,62.0,43.0,1.441860465116279,308.0,88.0,3.5
203994,Jusuf Nurkic,2014,16,KK Cedevita (Croatia),Other Team/Club,,,,,5802.0,463.0,12.531317494600431,1059.0,390.0,2.7153846153846155,4106.0,471.0,8.717622080679405
203923,James Young,2014,17,Kentucky,College/University,77.25,213.3,84.0,25.12749552266943,299.0,63.0,4.746031746031746,39.0,26.0,1.5,131.0,63.0,2.0793650793650795
203898,Tyler Ennis,2014,18,Syracuse,College/University,73.0,181.5,79.25,23.94342278100957,770.0,128.0,6.015625,361.0,134.0,2.6940298507462686,259.0,122.0,2.122950819672131
203914,Gary Harris,2014,19,Michigan State,College/University,74.5,204.8,78.75,25.94016485743885,5772.0,486.0,11.876543209876543,979.0,405.0,2.417283950617284,1254.0,447.0,2.8053691275167787
203998,Bruno Caboclo,2014,20,Esporte Clube Pinheiros (Brazil),Other Team/Club,,,,,468.0,73.0,6.410958904109589,70.0,43.0,1.627906976744186,275.0,91.0,3.021978021978022
203956,Mitch McGary,2014,21,Michigan,College/University,,,,,255.0,35.0,7.285714285714286,24.0,17.0,1.411764705882353,196.0,40.0,4.9
203919,Jordan Adams,2014,22,California-Los Angeles,College/University,75.5,208.8,82.0,25.750870575851934,147.0,26.0,5.653846153846154,26.0,17.0,1.5294117647058822,46.0,22.0,2.090909090909091
203918,Rodney Hood,2014,23,Duke,College/University,79.25,208.2,80.5,23.304377593567455,4596.0,414.0,11.101449275362318,731.0,350.0,2.0885714285714285,1161.0,401.0,2.8952618453865338
203894,Shabazz Napier,2014,24,Connecticut,College/University,71.0,175.2,75.25,24.432771275540567,2493.0,277.0,9.0,821.0,262.0,3.133587786259542,669.0,266.0,2.5150375939849625
203991,Clint Capela,2014,25,Elan Chalon (France),Other Team/Club,,,,,6936.0,574.0,12.08362369337979,565.0,338.0,1.6715976331360947,6047.0,582.0,10.390034364261169
203798,PJ Hairston,2014,26,Texas Legends (D-League),Other Team/Club,76.25,228.8,81.0,27.665062080086,749.0,103.0,7.271844660194175,67.0,54.0,1.2407407407407407,283.0,95.0,2.9789473684210526
203992,Bogdan Bogdanovic,2014,27,KK Partizan (Serbia),Other Team/Club,,,,,5143.0,361.0,14.246537396121884,1191.0,346.0,3.4421965317919074,1243.0,351.0,3.5413105413105415
203912,C.J. Wilcox,2014,28,Washington,College/University,75.5,201.0,81.75,24.788912766983906,165.0,35.0,4.714285714285714,31.0,26.0,1.1923076923076923,43.0,30.0,1.4333333333333333
203962,Josh Huestis,2014,29,Stanford,College/University,,,,,230.0,55.0,4.181818181818182,24.0,22.0,1.0909090909090908,219.0,73.0,3.0
203937,Kyle Anderson,2014,30,California-Los Angeles,College/University,79.5,230.1,86.75,25.5939717574463,4147.0,522.0,7.944444444444445,1514.0,485.0,3.1216494845360825,2647.0,561.0,4.718360071301248
1626157,Karl-Anthony Towns,2015,1,Kentucky,College/University,,,,,11397.0,506.0,22.523715415019762,1587.0,468.0,3.391025641025641,5557.0,506.0,10.982213438735178
1626156,D'Angelo Russell,2015,2,Ohio State,College/University,75.25,193.4,81.75,24.010366331497448,8671.0,495.0,17.517171717171717,2765.0,488.0,5.665983606557377,1705.0,473.0,3.604651162790698
1626143,Jahlil Okafor,2015,3,Duke,College/University,,,,,2551.0,229.0,11.139737991266376,228.0,146.0,1.5616438356164384,1164.0,230.0,5.060869565217391
204001,Kristaps Porzingis,2015,4,CB Sevilla (Spain),Other Team/Club,,,,,7536.0,392.0,19.224489795918366,688.0,309.0,2.226537216828479,3056.0,392.0,7.795918367346939
1626209,Mario Hezonja,2015,5,FC Barcelona Basquet (Spain),Other Team/Club,,,,,2249.0,286.0,7.863636363636363,403.0,212.0,1.900943396226415,1020.0,284.0,3.591549295774648
1626161,Willie Cauley-Stein,2015,6,Kentucky,College/University,83.25,242.4,87.0,24.58778778778779,3446.0,372.0,9.263440860215054,547.0,257.0,2.1284046692607004,2337.0,390.0,5.992307692307692
1626144,Emmanuel Mudiay,2015,7,Guangdong Southern Tigers (China),Other Team/Club,,,,,3133.0,277.0,11.310469314079423,1101.0,269.0,4.092936802973978,842.0,262.0,3.213740458015267
1626169,Stanley Johnson,2015,8,Arizona,College/University,77.0,241.8,83.5,28.670163602631135,2765.0,360.0,7.680555555555555,636.0,310.0,2.0516129032258066,1343.0,387.0,3.4702842377260983
1626163,Frank Kaminsky,2015,9,Wisconsin,College/University,83.75,231.2,83.0,23.172533749164625,3610.0,373.0,9.67828418230563,663.0,311.0,2.1318327974276525,1625.0,389.0,4.177377892030848
1626159,Justise Winslow,2015,10,Duke,College/University,76.5,221.8,82.25,26.643666965696955,2814.0,327.0,8.605504587155963,899.0,293.0,3.068259385665529,1794.0,337.0,5.3234421364985165
1626167,Myles Turner,2015,11,Texas,College/University,81.75,238.6,88.0,25.098643024810855,6411.0,483.0,13.273291925465838,589.0,333.0,1.7687687687687688,3256.0,485.0,6.71340206185567
1626168,Trey Lyles,2015,12,Kentucky,College/University,81.0,241.2,85.5,25.844170096021948,3830.0,433.0,8.84526558891455,523.0,308.0,1.698051948051948,2172.0,467.0,4.650963597430406
1626164,Devin Booker,2015,13,Kentucky,College/University,76.5,205.8,80.25,24.72167115212098,13012.0,543.0,23.96316758747698,2568.0,515.0,4.9864077669902915,2220.0,520.0,4.269230769230769
1626166,Cameron Payne,2015,14,Murray State,College/University,72.75,182.8,79.25,24.280941415429673,2767.0,314.0,8.812101910828025,1165.0,308.0,3.7824675324675323,784.0,301.0,2.604651162790698
1626162,Kelly Oubre Jr.,2015,15,Kansas,College/University,77.75,202.8,86.25,23.584272288334486,6631.0,497.0,13.3420523138833,538.0,311.0,1.729903536977492,2287.0,499.0,4.58316633266533
1626179,Terry Rozier,2015,16,Louisville,College/University,72.5,190.2,80.25,25.438401902497027,7503.0,533.0,14.076923076923077,1911.0,515.0,3.7106796116504857,2200.0,539.0,4.081632653061225
1626173,Rashad Vaughn,2015,17,Nevada-Las Vegas,College/University,75.75,198.6,79.0,24.331523053295427,511.0,84.0,6.083333333333333,87.0,58.0,1.5,168.0,84.0,2.0
1626155,Sam Dekker,2015,18,Wisconsin,College/University,79.75,218.6,83.5,24.162624188048465,1139.0,175.0,6.508571428571429,165.0,102.0,1.6176470588235294,611.0,187.0,3.267379679144385
1626170,Jerian Grant,2015,19,Notre Dame,College/University,75.25,198.0,79.5,24.58145053586605,1761.0,245.0,7.187755102040816,849.0,241.0,3.5228215767634854,559.0,223.0,2.506726457399103
1626153,Delon Wright,2015,20,Utah,College/University,76.25,181.4,79.5,21.933751142166084,3221.0,410.0,7.85609756097561,1375.0,412.0,3.337378640776699,1420.0,406.0,3.497536945812808
1626147,Justin Anderson,2015,21,Virginia,College/University,77.25,230.6,83.75,27.16549680041055,1324.0,190.0,6.968421052631579,195.0,108.0,1.8055555555555556,646.0,194.0,3.329896907216495
1626171,Bobby Portis,2015,22,Arkansas,College/University,81.5,246.2,86.0,26.05722458504272,6130.0,527.0,11.631878557874764,662.0,356.0,1.8595505617977528,3868.0,538.0,7.189591078066915
1626178,Rondae Hollis-Jefferson,2015,23,Arizona,College/University,77.5,210.8,86.0,24.673032258064516,2667.0,280.0,9.525,542.0,242.0,2.239669421487603,1591.0,296.0,5.375
1626145,Tyus Jones,2015,24,Duke,College/University,72.5,184.6,77.0,24.68942687277051,3601.0,471.0,7.645435244161359,2078.0,505.0,4.114851485148515,1035.0,423.0,2.4468085106382977
1626185,Jarell Martin,2015,25,Louisiana State,College/University,80.0,238.6,81.0,26.20871875,984.0,145.0,6.786206896551724,116.0,74.0,1.5675675675675675,618.0,159.0,3.8867924528301887
1626221,Nikola Milutinov,2015,26,KK Partizan (Serbia),Other Team/Club,,,,,,,,,,,,,
1626204,Larry Nance Jr.,2015,27,Wyoming,College/University,,,,,3654.0,449.0,8.138084632516703,855.0,357.0,2.3949579831932772,2919.0,470.0,6.2106382978723405
1626154,RJ Hunter,2015,28,Georgia State,College/University,76.5,185.0,82.5,22.22307659447221,196.0,31.0,6.32258064516129,44.0,27.0,1.6296296296296295,65.0,33.0,1.9696969696969697
1626191,Chris McCullough,2015,29,Syracuse,College/University,80.25,199.0,87.25,21.72292582564222,219.0,48.0,4.5625,14.0,14.0,1.0,135.0,49.0,2.7551020408163267
1626172,Kevon Looney,2015,30,California-Los Angeles,College/University,80.0,222.4,87.5,24.429250000000003,2555.0,436.0,5.860091743119266,776.0,341.0,2.275659824046921,2858.0,466.0,6.133047210300429
1627732,Ben Simmons,2016,1,Louisiana State,College/University,,,,,4733.0,327.0,14.474006116207951,2443.0,329.0,7.425531914893617,2540.0,328.0,7.7439024390243905
1627742,Brandon Ingram,2016,2,Duke,College/University,,,,,7361.0,385.0,19.11948051948052,1571.0,367.0,4.2806539509536785,1991.0,384.0,5.184895833333333
1627759,Jaylen Brown,2016,3,California,College/University,77.25,222.8,83.75,26.246629172296057,9909.0,540.0,18.35,1247.0,445.0,2.802247191011236,2910.0,541.0,5.378927911275416
1627733,Dragan Bender,2016,4,Maccabi Tel Aviv B.C. (Israel),Other Team/Club,,,,,1000.0,140.0,7.142857142857143,236.0,115.0,2.0521739130434784,715.0,167.0,4.281437125748503
1627739,Kris Dunn,2016,5,Providence,College/University,75.0,,81.5,,2129.0,231.0,9.216450216450216,1098.0,241.0,4.556016597510373,887.0,242.0,3.665289256198347
1627741,Buddy Hield,2016,6,Oklahoma,College/University,75.75,212.4,81.25,26.02223311440055,8097.0,508.0,15.938976377952756,1307.0,449.0,2.910913140311804,2230.0,502.0,4.442231075697211
1627750,Jamal Murray,2016,7,Kentucky,College/University,,,,,7631.0,429.0,17.78787878787879,1896.0,411.0,4.613138686131387,1676.0,419.0,4.0
1627737,Marquese Chriss,2016,8,Washington,College/University,80.75,233.0,84.25,25.120378801675468,2240.0,274.0,8.175182481751825,289.0,167.0,1.7305389221556886,1381.0,281.0,4.914590747330961
1627751,Jakob Poeltl,2016,9,Utah,College/University,84.25,239.0,86.75,23.67082566545448,3681.0,442.0,8.328054298642535,779.0,334.0,2.3323353293413174,3034.0,464.0,6.538793103448276
1627748,Thon Maker,2016,10,,,83.75,216.0,87.0,21.649079973267987,1260.0,221.0,5.701357466063349,172.0,115.0,1.4956521739130435,743.0,229.0,3.2445414847161573
1627734,Domantas Sabonis,2016,11,Gonzaga,College/University,,,,,7292.0,481.0,15.16008316008316,2004.0,437.0,4.585812356979405,4653.0,481.0,9.673596673596673
1627752,Taurean Prince,2016,12,Baylor,College/University,78.5,220.2,83.5,25.12079191853625,4349.0,401.0,10.845386533665835,714.0,320.0,2.23125,1559.0,386.0,4.038860103626943
1627834,Georgios Papagiannis,2016,13,Panathinaikos B.C. (Greece),Other Team/Club,,,,,182.0,29.0,6.275862068965517,32.0,15.0,2.1333333333333333,132.0,35.0,3.7714285714285714
1627756,Denzel Valentine,2016,14,Michigan State,College/University,76.0,210.4,82.75,25.60789473684211,1690.0,203.0,8.32512315270936,433.0,176.0,2.460227272727273,789.0,205.0,3.848780487804878
1627823,Juancho Hernangomez,2016,15,Movistar Estudiantes,Other Team/Club,,,,,1720.0,247.0,6.963562753036437,225.0,155.0,1.4516129032258065,1141.0,289.0,3.9480968858131487
1627824,Guerschon Yabusele,2016,16,SPO Rouen Basket,Other Team/Club,,,,,185.0,48.0,3.8541666666666665,37.0,27.0,1.3703703703703705,123.0,52.0,2.3653846153846154
1627735,Wade Baldwin IV,2016,17,Vanderbilt,College/University,74.5,201.8,83.25,25.560181973784964,207.0,42.0,4.928571428571429,94.0,37.0,2.5405405405405403,87.0,39.0,2.230769230769231
1627740,Henry Ellenson,2016,18,Marquette,College/University,82.0,242.0,86.25,25.301308744794763,394.0,55.0,7.163636363636364,52.0,32.0,1.625,221.0,66.0,3.3484848484848486
1627736,Malik Beasley,2016,19,Florida State,College/University,75.5,189.8,79.0,23.40764001578878,4427.0,381.0,11.619422572178477,526.0,276.0,1.9057971014492754,1132.0,351.0,3.225071225071225
1627747,Caris LeVert,2016,20,Michigan,College/University,77.75,191.0,82.0,22.212011869190764,5350.0,369.0,14.498644986449865,1443.0,356.0,4.053370786516854,1414.0,358.0,3.9497206703910615
1627761,DeAndre' Bembry,2016,21,Saint Joseph's,College/University,76.25,206.6,81.25,24.980777210427302,1687.0,235.0,7.178723404255319,520.0,216.0,2.4074074074074074,916.0,250.0,3.664
1627781,Malachi Richardson,2016,22,Syracuse,College/University,76.75,199.6,84.0,23.820950885420533,220.0,48.0,4.583333333333333,30.0,23.0,1.3043478260869565,79.0,41.0,1.9268292682926829
1627790,Ante Zizic,2016,23,KK Cibona (Croatia),Other Team/Club,,,,,658.0,91.0,7.230769230769231,64.0,43.0,1.4883720930232558,445.0,97.0,4.587628865979381
1627789,Timothe Luwawu-Cabarrot,2016,24,KK Mega Vizura,Other Team/Club,,,,,1937.0,257.0,7.536964980544747,313.0,181.0,1.729281767955801,667.0,249.0,2.678714859437751
1627744,Brice Johnson,2016,25,North Carolina,College/University,81.0,208.6,84.5,22.351135497637554,70.0,18.0,3.888888888888889,5.0,4.0,1.25,57.0,20.0,2.85
1627788,Furkan Korkmaz,2016,26,Anadolu Efes S.K. (Turkey),Other Team/Club,,,,,2170.0,256.0,8.4765625,352.0,177.0,1.9887005649717515,606.0,232.0,2.6120689655172415
1627783,Pascal Siakam,2016,27,New Mexico State,College/University,80.25,226.6,87.25,24.735753729098125,8138.0,478.0,17.02510460251046,1669.0,430.0,3.8813953488372093,3159.0,487.0,6.486652977412731
1627746,Skal Labissiere,2016,28,Kentucky,College/University,82.5,215.8,86.5,22.28942516069789,1051.0,120.0,8.758333333333333,144.0,84.0,1.7142857142857142,639.0,130.0,4.915384615384616
1627749,Dejounte Murray,2016,29,Washington,College/University,,,,,5365.0,367.0,14.618528610354224,1896.0,359.0,5.281337047353761,2252.0,365.0,6.16986301369863
1627745,Damian Jones,2016,30,Vanderbilt,College/University,82.25,243.6,87.75,25.314001164069065,1215.0,190.0,6.394736842105263,179.0,111.0,1.6126126126126126,815.0,220.0,3.7045454545454546
1628365,Markelle Fultz,2017,1,Washington,College/University,77.75,,82.5,,2247.0,187.0,12.016042780748663,939.0,186.0,5.048387096774194,642.0,184.0,3.489130434782609
1628366,Lonzo Ball,2017,2,California-Los Angeles,College/University,,,,,2791.0,232.0,12.030172413793103,1464.0,235.0,6.229787234042553,1352.0,232.0,5.827586206896552
1628369,Jayson Tatum,2017,3,Duke,College/University,,,,,11266.0,505.0,22.30891089108911,1797.0,463.0,3.8812095032397407,3576.0,506.0,7.067193675889328
1628367,Josh Jackson,2017,4,Kansas,College/University,,,,,3158.0,267.0,11.827715355805243,510.0,217.0,2.3502304147465436,1121.0,265.0,4.230188679245283
1628368,De'Aaron Fox,2017,5,Kentucky,College/University,74.0,169.6,78.5,21.772972972972973,7686.0,380.0,20.226315789473684,2336.0,379.0,6.163588390501319,1413.0,368.0,3.839673913043478
1628371,Jonathan Isaac,2017,6,Florida State,College/University,,,,,1343.0,146.0,9.198630136986301,152.0,90.0,1.6888888888888889,808.0,151.0,5.3509933774834435
1628374,Lauri Markkanen,2017,7,Arizona,College/University,,,,,5883.0,341.0,17.252199413489738,466.0,252.0,1.8492063492063493,2420.0,342.0,7.076023391812866
1628373,Frank Ntilikina,2017,8,SIG Strasbourg (France),Other Team/Club,,,,,1496.0,233.0,6.420600858369099,640.0,231.0,2.7705627705627704,536.0,224.0,2.392857142857143
1628372,Dennis Smith Jr.,2017,9,North Carolina State,College/University,,,,,2705.0,251.0,10.776892430278885,1141.0,249.0,4.582329317269076,768.0,236.0,3.2542372881355934
1628380,Zach Collins,2017,10,Gonzaga,College/University,82.25,232.2,85.0,24.129355789395888,1801.0,224.0,8.040178571428571,369.0,171.0,2.1578947368421053,1151.0,236.0,4.877118644067797
1628370,Malik Monk,2017,11,Kentucky,College/University,,,,,4114.0,342.0,12.029239766081872,889.0,311.0,2.8585209003215435,904.0,306.0,2.954248366013072
1628379,Luke Kennard,2017,12,Duke,College/University,76.5,196.2,77.25,23.568473663975396,3505.0,339.0,10.339233038348082,665.0,281.0,2.3665480427046264,1010.0,323.0,3.126934984520124
1628378,Donovan Mitchell,2017,13,Louisville,College/University,73.25,211.4,82.0,27.69778564689164,10524.0,423.0,24.879432624113477,1906.0,415.0,4.5927710843373495,1757.0,413.0,4.254237288135593
1628389,Bam Adebayo,2017,14,Kentucky,College/University,80.75,242.6,86.75,26.155381533418318,6626.0,444.0,14.923423423423424,1521.0,390.0,3.9,3772.0,446.0,8.457399103139014
1628382,Justin Jackson,2017,15,North Carolina,College/University,79.0,200.8,83.0,22.618554718795064,1518.0,209.0,7.2631578947368425,261.0,143.0,1.8251748251748252,598.0,215.0,2.781395348837209
1628383,Justin Patton,2017,16,Creighton,College/University,82.0,229.0,87.0,23.94214753123141,84.0,17.0,4.9411764705882355,19.0,11.0,1.7272727272727273,59.0,16.0,3.6875
1628391,D.J. Wilson,2017,17,Michigan,College/University,80.75,234.4,87.0,25.271316700054637,655.0,102.0,6.421568627450981,116.0,69.0,1.681159420289855,466.0,123.0,3.7886178861788617
1628388,T.J. Leaf,2017,18,California-Los Angeles,College/University,80.75,222.2,83.0,23.956000728464762,506.0,93.0,5.440860215053763,41.0,34.0,1.2058823529411764,282.0,117.0,2.41025641025641
1628381,John Collins,2017,19,Wake Forest,College/University,80.25,225.2,83.25,24.58292912529964,5814.0,376.0,15.462765957446809,548.0,273.0,2.0073260073260073,2988.0,375.0,7.968
1628385,Harry Giles III,2017,20,Duke,College/University,81.25,232.0,87.25,24.705666272189347,806.0,114.0,7.0701754385964914,164.0,88.0,1.8636363636363635,554.0,122.0,4.540983606557377
1628390,Terrance Ferguson,2017,21,Adelaide 36ers (Australia),Other Team/Club,77.5,184.4,80.75,21.58305098855359,900.0,143.0,6.293706293706293,141.0,88.0,1.6022727272727273,268.0,130.0,2.0615384615384613
1628386,Jarrett Allen,2017,22,Texas,College/University,81.0,233.6,89.25,25.029843011736013,4595.0,388.0,11.842783505154639,570.0,276.0,2.0652173913043477,3493.0,393.0,8.888040712468193
1628384,O.G. Anunoby,2017,23,Indiana,College/University,78.25,232.4,86.25,26.682268880972554,4308.0,358.0,12.033519553072626,556.0,272.0,2.0441176470588234,1588.0,352.0,4.511363636363637
1628399,Tyler Lydon,2017,24,Syracuse,College/University,80.25,215.0,84.0,23.469492726196368,26.0,9.0,2.888888888888889,9.0,8.0,1.125,21.0,15.0,1.4
1628394,Anzejs Pasecniks,2017,25,CB Gran Canaria (Spain),Other Team/Club,,,,,140.0,20.0,7.0,18.0,12.0,1.5,98.0,21.0,4.666666666666667
1628403,Caleb Swanigan,2017,26,Purdue,College/University,79.5,246.6,87.5,27.429263082947667,189.0,46.0,4.108695652173913,52.0,35.0,1.4857142857142858,232.0,57.0,4.0701754385964914
1628403,Caleb Swanigan,2017,26,Purdue,College/University,79.5,245.6,87.0,27.318033305644555,189.0,46.0,4.108695652173913,52.0,35.0,1.4857142857142858,232.0,57.0,4.0701754385964914
1628398,Kyle Kuzma,2017,27,Utah,College/University,80.0,222.6,84.25,24.45121875,6650.0,415.0,16.02409638554217,977.0,351.0,2.7834757834757835,2506.0,409.0,6.127139364303178
1628396,Tony Bradley,2017,28,North Carolina,College/University,81.25,248.8,89.0,26.494697278106507,780.0,139.0,5.611510791366906,88.0,68.0,1.2941176470588236,703.0,158.0,4.449367088607595
1628401,Derrick White,2017,29,Colorado,College/University,75.25,189.8,79.5,23.56343086720897,4377.0,361.0,12.124653739612189,1371.0,350.0,3.9171428571428573,1228.0,353.0,3.4787535410764874
1628404,Josh Hart,2017,30,Villanova,College/University,76.0,203.6,80.5,24.780263157894733,3521.0,338.0,10.41715976331361,855.0,300.0,2.85,2236.0,350.0,6.388571428571429
1628404,Josh Hart,2017,30,Villanova,College/University,75.75,209.2,80.25,25.630184404579072,3521.0,338.0,10.41715976331361,855.0,300.0,2.85,2236.0,350.0,6.388571428571429
1629028,Deandre Ayton,2018,1,Arizona,College/University,,,,,5380.0,326.0,16.503067484662576,508.0,244.0,2.081967213114754,3350.0,325.0,10.307692307692308
1628963,Marvin Bagley III,2018,2,Duke,College/University,,,,,2451.0,186.0,13.17741935483871,162.0,108.0,1.5,1324.0,187.0,7.080213903743315
1629029,Luka Doncic,2018,3,Real Madrid Baloncesto (Spain),Other Team/Club,,,,,9306.0,336.0,27.696428571428573,2677.0,334.0,8.01497005988024,2879.0,335.0,8.594029850746269
1628991,Jaren Jackson Jr.,2018,4,Michigan State,College/University,81.75,236.0,89.25,24.825145657398835,4225.0,260.0,16.25,300.0,182.0,1.6483516483516483,1454.0,259.0,5.613899613899614
1629027,Trae Young,2018,5,Oklahoma,College/University,72.5,177.8,75.0,23.779957193816887,9101.0,361.0,25.210526315789473,3331.0,361.0,9.227146814404431,1289.0,346.0,3.7254335260115607
1628964,Mo Bamba,2018,6,Texas,College/University,83.25,225.6,94.0,22.88368368368368,2035.0,242.0,8.409090909090908,238.0,151.0,1.576158940397351,1558.0,262.0,5.9465648854961835
1628976,Wendell Carter Jr.,2018,7,Duke,College/University,80.75,251.4,88.5,27.104134037515937,3091.0,242.0,12.772727272727273,523.0,214.0,2.44392523364486,2119.0,245.0,8.648979591836735
1629012,Collin Sexton,2018,8,Alabama,College/University,72.5,183.0,79.25,24.475434007134364,4749.0,252.0,18.845238095238095,810.0,240.0,3.375,713.0,234.0,3.047008547008547
1628995,Kevin Knox II,2018,9,Kentucky,College/University,79.75,212.6,83.75,23.49942315818437,2019.0,222.0,9.094594594594595,196.0,124.0,1.5806451612903225,753.0,216.0,3.486111111111111
1628969,Mikal Bridges,2018,10,Villanova,College/University,,,,,5306.0,395.0,13.432911392405064,940.0,347.0,2.7089337175792507,1603.0,388.0,4.131443298969073
1628983,Shai Gilgeous-Alexander,2018,11,Kentucky,College/University,76.5,180.0,83.5,21.62245290272972,6258.0,303.0,20.653465346534652,1356.0,296.0,4.581081081081081,1357.0,299.0,4.538461538461538
1628970,Miles Bridges,2018,12,Michigan State,College/University,77.25,220.4,81.5,25.963900671337754,3630.0,270.0,13.444444444444445,622.0,224.0,2.7767857142857144,1566.0,272.0,5.757352941176471
1629010,Jerome Robinson,2018,13,Boston College,College/University,76.0,188.4,79.25,22.93026315789474,502.0,80.0,6.275,133.0,62.0,2.1451612903225805,208.0,85.0,2.447058823529412
1629008,Michael Porter Jr.,2018,14,Missouri,College/University,81.5,211.0,84.25,22.331739997741728,3314.0,215.0,15.413953488372092,237.0,136.0,1.7426470588235294,1322.0,218.0,6.064220183486238
1628972,Troy Brown Jr.,2018,15,Oregon,College/University,77.75,208.0,82.25,24.1889972188046,1845.0,248.0,7.439516129032258,437.0,200.0,2.185,1088.0,255.0,4.266666666666667
1629015,Zhaire Smith,2018,16,Texas Tech,College/University,74.75,198.6,81.75,24.986888289840156,45.0,8.0,5.625,10.0,5.0,2.0,12.0,6.0,2.0
1628978,Donte DiVincenzo,2018,17,Villanova,College/University,75.5,200.6,78.0,24.73958159729836,2468.0,257.0,9.603112840466926,750.0,246.0,3.048780487804878,1274.0,268.0,4.753731343283582
1629022,Lonnie Walker IV,2018,18,Miami (FL),College/University,75.75,196.2,82.25,24.03748652092932,2441.0,228.0,10.706140350877194,388.0,180.0,2.1555555555555554,567.0,215.0,2.6372093023255814
1628989,Kevin Huerter,2018,19,Maryland,College/University,78.25,194.0,79.5,22.273494676887587,4292.0,349.0,12.297994269340974,1097.0,341.0,3.2170087976539588,1213.0,345.0,3.5159420289855072
1629006,Josh Okogie,2018,20,Georgia Tech,College/University,75.0,210.8,84.0,26.345315555555555,1986.0,260.0,7.638461538461539,373.0,201.0,1.855721393034826,911.0,266.0,3.424812030075188
1628960,Grayson Allen,2018,21,Duke,College/University,75.0,198.0,79.25,24.7456,2644.0,258.0,10.248062015503876,442.0,203.0,2.1773399014778323,766.0,239.0,3.205020920502092
1628990,Chandler Hutchison,2018,22,Boise State,College/University,,,,,560.0,90.0,6.222222222222222,86.0,54.0,1.5925925925925926,386.0,96.0,4.020833333333333
1628988,Aaron Holiday,2018,23,California-Los Angeles,College/University,71.75,187.0,79.5,25.53601476283553,2047.0,258.0,7.934108527131783,659.0,225.0,2.928888888888889,506.0,213.0,2.375586854460094
1629014,Anfernee Simons,2018,24,IMG Academy,High School,74.25,183.2,81.25,23.360808987745013,3353.0,248.0,13.52016129032258,670.0,214.0,3.130841121495327,593.0,210.0,2.823809523809524
1629021,Moritz Wagner,2018,25,Michigan,College/University,82.0,231.2,84.0,24.172159428911364,2033.0,217.0,9.368663594470046,291.0,162.0,1.7962962962962963,918.0,222.0,4.135135135135135
1629021,Moritz Wagner,2018,25,Michigan,College/University,82.5,241.4,84.0,24.933583103764924,2033.0,217.0,9.368663594470046,291.0,162.0,1.7962962962962963,918.0,222.0,4.135135135135135
1629013,Landry Shamet,2018,26,Wichita State,College/University,76.0,188.6,78.75,22.95460526315789,2805.0,307.0,9.136807817589576,560.0,248.0,2.2580645161290325,611.0,269.0,2.2713754646840147
1629057,Robert Williams III,2018,27,Texas A&M,College/University,,,,,1757.0,225.0,7.808888888888889,324.0,159.0,2.0377358490566038,1624.0,237.0,6.852320675105485
1628980,Jacob Evans,2018,28,Cincinnati,College/University,76.25,199.6,81.25,24.134381080354743,155.0,30.0,5.166666666666667,47.0,28.0,1.6785714285714286,61.0,31.0,1.967741935483871
1629058,Dzanan Musa,2018,29,KK Cedevita (Croatia),Other Team/Club,,,,,212.0,39.0,5.435897435897436,42.0,23.0,1.826086956521739,89.0,31.0,2.870967741935484
1629016,Omari Spellman,2018,30,Villanova,College/University,80.0,253.8,86.0,27.87834375,611.0,83.0,7.36144578313253,90.0,54.0,1.6666666666666667,401.0,89.0,4.50561797752809
1629627,Zion Williamson,2019,1,Duke,College/University,77.75,,82.5,,2701.0,108.0,25.00925925925926,375.0,100.0,3.75,743.0,107.0,6.94392523364486
1629630,Ja Morant,2019,2,Murray State,College/University,77.75,,82.5,,5588.0,250.0,22.352,1834.0,250.0,7.336,1222.0,247.0,4.947368421052632
1629628,RJ Barrett,2019,3,Duke,College/University,77.75,,82.5,,5046.0,277.0,18.216606498194945,789.0,258.0,3.058139534883721,1507.0,275.0,5.48
1629631,De'Andre Hunter,2019,4,Virginia,College/University,77.75,,82.5,,2920.0,208.0,14.038461538461538,315.0,163.0,1.9325153374233128,860.0,205.0,4.195121951219512
1629636,Darius Garland,2019,5,Vanderbilt,College/University,77.75,,82.5,,4355.0,239.0,18.221757322175733,1586.0,237.0,6.69198312236287,612.0,215.0,2.8465116279069766
1629633,Jarrett Culver,2019,6,Texas Tech,College/University,77.25,194.2,81.5,22.877447869209583,893.0,120.0,7.441666666666666,173.0,87.0,1.9885057471264367,392.0,118.0,3.3220338983050848
1629632,Coby White,2019,7,North Carolina,College/University,75.5,191.4,77.0,23.604964694530942,3075.0,237.0,12.974683544303797,800.0,225.0,3.5555555555555554,835.0,230.0,3.630434782608696
1629637,Jaxson Hayes,2019,8,Texas,College/University,82.25,218.6,87.5,22.716094640662963,1689.0,206.0,8.199029126213592,159.0,104.0,1.5288461538461537,915.0,214.0,4.275700934579439
1629060,Rui Hachimura,2019,9,Gonzaga,College/University,,,,,2783.0,217.0,12.824884792626728,281.0,148.0,1.8986486486486487,1125.0,219.0,5.136986301369863
1629629,Cam Reddish,2019,10,Duke,College/University,78.5,207.8,84.5,23.706178749645016,1780.0,166.0,10.72289156626506,228.0,122.0,1.8688524590163935,516.0,151.0,3.4172185430463577
1629661,Cameron Johnson,2019,11,North Carolina,College/University,79.0,205.2,82.0,23.11418041980452,2749.0,241.0,11.406639004149378,348.0,183.0,1.901639344262295,895.0,236.0,3.792372881355932
1629023,P.J. Washington,2019,12,Kentucky,College/University,78.5,223.0,86.5,25.440220698608464,3154.0,246.0,12.821138211382113,567.0,212.0,2.6745283018867925,1360.0,247.0,5.506072874493927
1629023,P.J. Washington,2019,12,Kentucky,College/University,78.5,230.4,86.5,26.284425331656458,3154.0,246.0,12.821138211382113,567.0,212.0,2.6745283018867925,1360.0,247.0,5.506072874493927
1629639,Tyler Herro,2019,13,Kentucky,College/University,76.5,192.4,75.25,23.1119996582511,4597.0,264.0,17.41287878787879,919.0,252.0,3.6468253968253967,1287.0,263.0,4.893536121673004
1629641,Romeo Langford,2019,14,Indiana,College/University,76.5,,83.0,,711.0,111.0,6.405405405405405,93.0,63.0,1.4761904761904763,293.0,108.0,2.712962962962963
1629635,Sekou Doumbouya,2019,15,Limoges CSP (France),Other Team/Club,,,,,524.0,71.0,7.380281690140845,55.0,38.0,1.4473684210526316,241.0,73.0,3.3013698630136985
1629643,Chuma Okeke,2019,16,Auburn,College/University,77.75,,82.5,,1000.0,125.0,8.0,249.0,112.0,2.2232142857142856,573.0,129.0,4.441860465116279
1629638,Nickeil Alexander-Walker,2019,17,Virginia Tech,College/University,76.25,203.8,81.5,24.64221875839828,1709.0,172.0,9.936046511627907,433.0,151.0,2.8675496688741724,494.0,171.0,2.888888888888889
1629048,Goga Bitadze,2019,18,KK Mega Leks (Serbia),Other Team/Club,,,,,894.0,136.0,6.573529411764706,160.0,86.0,1.8604651162790697,560.0,153.0,3.6601307189542482
1629677,Luka Samanic,2019,19,KK Olimpija (Slovenia),Other Team/Club,81.5,227.2,82.5,24.046309608942753,209.0,31.0,6.741935483870968,35.0,20.0,1.75,109.0,34.0,3.2058823529411766
1629680,Matisse Thybulle,2019,20,Washington,College/University,,,,,1215.0,217.0,5.599078341013825,254.0,157.0,1.6178343949044587,528.0,221.0,2.3891402714932126
1629634,Brandon Clarke,2019,21,Gonzaga,College/University,79.25,207.2,80.25,23.192444944222753,2545.0,232.0,10.969827586206897,341.0,181.0,1.8839779005524862,1323.0,231.0,5.7272727272727275
1629684,Grant Williams,2019,22,Tennessee,College/University,77.75,240.2,81.75,27.933640057484933,2012.0,276.0,7.2898550724637685,372.0,207.0,1.7971014492753623,1096.0,305.0,3.59344262295082
1629647,Darius Bazley,2019,23,Princeton,High School,79.75,208.4,84.0,23.03518243727951,2021.0,209.0,9.669856459330143,275.0,147.0,1.870748299319728,1205.0,216.0,5.578703703703703
1629660,Ty Jerome,2019,24,Virginia,College/University,76.25,194.4,76.0,23.5056296694437,1090.0,127.0,8.582677165354331,390.0,125.0,3.12,282.0,120.0,2.35
1629642,Nassir Little,2019,25,North Carolina,College/University,76.5,224.2,85.25,26.93196633773335,1123.0,154.0,7.292207792207792,151.0,90.0,1.6777777777777778,593.0,163.0,3.638036809815951
1629685,Dylan Windler,2019,26,Belmont,College/University,78.25,195.8,82.0,22.480155967704068,298.0,54.0,5.518518518518518,75.0,46.0,1.6304347826086956,193.0,59.0,3.2711864406779663
1629662,Mfiondu Kabengele,2019,27,Florida State,College/University,80.75,256.2,87.0,27.621635403387362,175.0,37.0,4.72972972972973,21.0,17.0,1.2352941176470589,92.0,36.0,2.5555555555555554
1629673,Jordan Poole,2019,28,Michigan,College/University,75.5,190.8,78.75,23.53096794000263,4371.0,271.0,16.129151291512915,960.0,259.0,3.7065637065637067,736.0,253.0,2.909090909090909
1629640,Keldon Johnson,2019,29,Kentucky,College/University,76.75,216.4,81.25,25.825920699423868,3347.0,205.0,16.326829268292684,430.0,181.0,2.3756906077348066,1126.0,202.0,5.574257425742574
1629645,Kevin Porter Jr.,2019,30,Southern California,College/University,76.0,212.6,81.0,25.87565789473684,2761.0,179.0,15.424581005586592,900.0,172.0,5.232558139534884,775.0,175.0,4.428571428571429
1630162,Anthony Edwards,2020,1,Georgia,College/University,,,,,4700.0,218.0,21.559633027522935,803.0,212.0,3.7877358490566038,1093.0,209.0,5.229665071770335
1630164,James Wiseman,2020,2,Memphis,College/University,,,,,829.0,72.0,11.51388888888889,53.0,33.0,1.606060606060606,454.0,73.0,6.219178082191781
1630163,LaMelo Ball,2020,3,Illawarra (Australia),Other Team/Club,,,,,3019.0,158.0,19.10759493670886,1131.0,160.0,7.06875,997.0,159.0,6.270440251572327
1630172,Patrick Williams,2020,4,Florida State,College/University,,,,,1558.0,156.0,9.987179487179487,192.0,113.0,1.6991150442477876,674.0,154.0,4.376623376623376
1630171,Isaac Okoro,2020,5,Auburn,College/University,,,,,1665.0,195.0,8.538461538461538,316.0,156.0,2.0256410256410255,566.0,189.0,2.994708994708995
1630168,Onyeka Okongwu,2020,6,Southern California,College/University,,,,,1377.0,174.0,7.913793103448276,155.0,95.0,1.631578947368421,1036.0,184.0,5.630434782608695
1630165,Killian Hayes,2020,7,Ratiopharm Ulm (Germany),Other Team/Club,,,,,1328.0,147.0,9.034013605442176,826.0,156.0,5.294871794871795,469.0,145.0,3.2344827586206897
1630167,Obi Toppin,2020,8,Dayton,College/University,,,,,1479.0,191.0,7.7434554973821985,172.0,107.0,1.6074766355140186,648.0,191.0,3.392670157068063
1630166,Deni Avdija,2020,9,Maccabi Tel Aviv B.C. (Israel),Other Team/Club,,,,,1626.0,186.0,8.741935483870968,413.0,160.0,2.58125,1131.0,202.0,5.599009900990099
1630188,Jalen Smith,2020,10,Maryland,College/University,81.25,224.6,86.25,23.91764071005917,1113.0,118.0,9.432203389830509,83.0,53.0,1.5660377358490567,721.0,129.0,5.589147286821706
1630170,Devin Vassell,2020,11,Florida State,College/University,,,,,1832.0,157.0,11.668789808917197,311.0,119.0,2.6134453781512605,608.0,157.0,3.872611464968153
1630169,Tyrese Haliburton,2020,12,Iowa State,College/University,,,,,2907.0,185.0,15.713513513513513,1433.0,185.0,7.745945945945946,664.0,183.0,3.628415300546448
1630184,Kira Lewis Jr.,2020,13,Alabama,College/University,,,,,561.0,86.0,6.523255813953488,186.0,75.0,2.48,146.0,65.0,2.246153846153846
1630174,Aaron Nesmith,2020,14,Vanderbilt,College/University,,,,,1115.0,131.0,8.511450381679388,131.0,77.0,1.7012987012987013,475.0,144.0,3.298611111111111
1630175,Cole Anthony,2020,15,North Carolina,College/University,,,,,2410.0,171.0,14.09356725146199,776.0,167.0,4.6467065868263475,841.0,169.0,4.976331360946745
1630191,Isaiah Stewart,2020,16,Washington,College/University,79.25,243.0,88.75,27.19963379076317,1548.0,166.0,9.325301204819278,187.0,113.0,1.654867256637168,1323.0,170.0,7.7823529411764705
1630197,Aleksej Pokusevski,2020,17,Olympiacos B.C. (Greece),Other Team/Club,,,,,1165.0,127.0,9.173228346456693,314.0,118.0,2.6610169491525424,724.0,135.0,5.362962962962963
1630182,Josh Green,2020,18,Arizona,College/University,76.5,214.0,81.75,25.706694006578665,978.0,140.0,6.985714285714286,225.0,105.0,2.142857142857143,432.0,149.0,2.8993288590604025
1630180,Saddiq Bey,2020,19,Villanova,College/University,,,,,2946.0,207.0,14.231884057971014,407.0,166.0,2.4518072289156625,1043.0,208.0,5.014423076923077
1630173,Precious Achiuwa,2020,20,Memphis,College/University,79.5,234.0,84.75,26.027767888928445,1565.0,180.0,8.694444444444445,174.0,100.0,1.74,1061.0,185.0,5.735135135135135
1630178,Tyrese Maxey,2020,21,Kentucky,College/University,,,,,3442.0,212.0,16.235849056603772,719.0,196.0,3.6683673469387754,613.0,192.0,3.1927083333333335
1630192,Zeke Nnaji,2020,22,Arizona,College/University,81.25,246.8,86.0,26.281717396449704,684.0,108.0,6.333333333333333,51.0,40.0,1.275,363.0,105.0,3.4571428571428573
1630195,Leandro Bolmaro,2020,23,FC Barcelona Basquet (Spain),Other Team/Club,,,,,66.0,19.0,3.473684210526316,29.0,19.0,1.5263157894736843,50.0,27.0,1.8518518518518519
1630181,R.J. Hampton,2020,24,Breakers (New Zealand),Other Team/Club,,,,,1147.0,140.0,8.192857142857143,312.0,117.0,2.6666666666666665,479.0,131.0,3.6564885496183206
1630193,Immanuel Quickley,2020,25,Kentucky,College/University,74.0,185.8,80.25,23.852702702702704,2756.0,220.0,12.527272727272727,679.0,204.0,3.3284313725490198,717.0,208.0,3.4471153846153846
1630202,Payton Pritchard,2020,26,Oregon,College/University,,,,,1388.0,169.0,8.21301775147929,385.0,155.0,2.4838709677419355,437.0,158.0,2.7658227848101267
1628962,Udoka Azubuike,2020,27,Kansas,College/University,82.0,273.8,91.0,28.626026174895895,210.0,43.0,4.883720930232558,14.0,12.0,1.1666666666666667,218.0,54.0,4.037037037037037
1628962,Udoka Azubuike,2020,27,Kansas,College/University,82.0,259.5,91.25,27.130948839976206,210.0,43.0,4.883720930232558,14.0,12.0,1.1666666666666667,218.0,54.0,4.037037037037037
1630183,Jaden McDaniels,2020,28,Washington,College/University,,,,,1932.0,197.0,9.807106598984772,269.0,146.0,1.8424657534246576,784.0,200.0,3.92
1630201,Malachi Flynn,2020,29,San Diego State,College/University,,,,,817.0,93.0,8.78494623655914,275.0,102.0,2.696078431372549,242.0,92.0,2.630434782608696
1630217,Desmond Bane,2020,30,Texas Christian,College/University,,,,,3481.0,216.0,16.11574074074074,603.0,190.0,3.1736842105263157,881.0,214.0,4.116822429906542
1630595,Cade Cunningham,2021,1,Oklahoma State,College/University,77.75,,82.5,,1241.0,72.0,17.23611111111111,388.0,70.0,5.542857142857143,402.0,71.0,5.661971830985915
1630224,Jalen Green,2021,2,Ignite (G League),Other Team/Club,77.75,,82.5,,2578.0,130.0,19.83076923076923,401.0,126.0,3.1825396825396823,467.0,124.0,3.7661290322580645
1630596,Evan Mobley,2021,3,Southern California,College/University,77.75,,82.5,,2106.0,140.0,15.042857142857143,354.0,129.0,2.744186046511628,1221.0,140.0,8.721428571428572
1630567,Scottie Barnes,2021,4,Florida State,College/University,79.0,225.4,86.75,25.389552956257013,2298.0,152.0,15.118421052631579,640.0,146.0,4.383561643835616,1075.0,153.0,7.026143790849673
1630591,Jalen Suggs,2021,5,Gonzaga,College/University,,,,,1017.0,96.0,10.59375,346.0,94.0,3.6808510638297873,318.0,92.0,3.4565217391304346
1630581,Josh Giddey,2021,6,NBA Global Academy (Australia),Other Team/Club,,,,,1877.0,127.0,14.779527559055119,786.0,128.0,6.140625,1007.0,127.0,7.929133858267717
1630228,Jonathan Kuminga,2021,7,Ignite (G League),Other Team/Club,77.75,,82.5,,1292.0,129.0,10.015503875968992,192.0,94.0,2.0425531914893615,460.0,123.0,3.7398373983739837
1630532,Franz Wagner,2021,8,Michigan,College/University,,,,,2446.0,147.0,16.639455782312925,485.0,143.0,3.3916083916083917,632.0,143.0,4.419580419580419
1630558,Davion Mitchell,2021,9,Baylor,College/University,72.0,202.4,76.25,27.447376543209877,1349.0,151.0,8.933774834437086,487.0,143.0,3.4055944055944054,272.0,123.0,2.2113821138211383
1630533,Ziaire Williams,2021,10,Stanford,College/University,80.25,188.4,82.25,20.5658252540251,745.0,92.0,8.097826086956522,108.0,55.0,1.9636363636363636,212.0,79.0,2.6835443037974684
1630547,James Bouknight,2021,11,Connecticut,College/University,75.5,190.0,80.25,23.43230560063155,407.0,48.0,8.479166666666666,75.0,40.0,1.875,146.0,54.0,2.7037037037037037
1630563,Joshua Primo,2021,12,Alabama,College/University,76.0,189.0,81.25,23.00328947368421,312.0,41.0,7.609756097560975,88.0,37.0,2.3783783783783785,117.0,42.0,2.7857142857142856
1630537,Chris Duarte,2021,13,Oregon,College/University,,,,,1078.0,95.0,11.347368421052632,183.0,79.0,2.3164556962025316,340.0,94.0,3.617021276595745
1630541,Moses Moody,2021,14,Arkansas,College/University,76.5,210.6,84.75,25.29826989619377,604.0,95.0,6.3578947368421055,86.0,58.0,1.4827586206896552,197.0,85.0,2.3176470588235296
1630557,Corey Kispert,2021,15,Gonzaga,College/University,78.0,223.8,79.0,25.859861932938855,1319.0,139.0,9.489208633093526,167.0,99.0,1.6868686868686869,390.0,137.0,2.846715328467153
1630578,Alperen Sengun,2021,16,Besiktas (Turkey),Other Team/Club,,,,,1635.0,130.0,12.576923076923077,442.0,125.0,3.536,974.0,132.0,7.378787878787879
1630530,Trey Murphy III,2021,17,Virginia,College/University,79.5,206.0,84.0,22.91333412444128,1480.0,122.0,12.131147540983607,155.0,87.0,1.7816091954022988,420.0,122.0,3.442622950819672
1630544,Tre Mann,2021,18,Florida,College/University,75.25,177.6,76.0,22.048816238231367,1210.0,120.0,10.083333333333334,228.0,87.0,2.6206896551724137,326.0,108.0,3.0185185185185186
1630539,Kai Jones,2021,19,Texas,College/University,82.0,221.4,85.75,23.147560975609757,200.0,51.0,3.9215686274509802,22.0,18.0,1.2222222222222223,155.0,46.0,3.369565217391304
1630552,Jalen Johnson,2021,20,Duke,College/University,79.75,209.6,84.25,23.167822643252325,470.0,72.0,6.527777777777778,92.0,53.0,1.7358490566037736,332.0,82.0,4.048780487804878
1630553,Keon Johnson,2021,21,Tennessee,College/University,75.5,184.8,79.25,22.791000394719532,487.0,67.0,7.268656716417911,152.0,59.0,2.5762711864406778,137.0,53.0,2.5849056603773586
1630543,Isaiah Jackson,2021,22,Kentucky,College/University,77.75,,82.5,,727.0,83.0,8.759036144578314,55.0,39.0,1.4102564102564104,401.0,88.0,4.556818181818182
1630586,Usman Garuba,2021,23,Madrid (ESP),College/University,,,,,232.0,60.0,3.8666666666666667,72.0,45.0,1.6,368.0,86.0,4.27906976744186
1630528,Josh Christopher,2021,24,Arizona State,College/University,75.25,214.8,81.25,26.66714936921226,903.0,108.0,8.36111111111111,194.0,92.0,2.108695652173913,250.0,98.0,2.5510204081632653
1629656,Quentin Grimes,2021,25,Houston,College/University,76.0,209.6,79.75,25.510526315789473,1022.0,107.0,9.551401869158878,183.0,83.0,2.2048192771084336,326.0,107.0,3.046728971962617
1629656,Quentin Grimes,2021,25,Houston,College/University,76.0,205.0,80.0,24.950657894736842,1022.0,107.0,9.551401869158878,183.0,83.0,2.2048192771084336,326.0,107.0,3.046728971962617
1630538,Bones Hyland,2021,26,Virginia Commonwealth,College/University,74.0,169.0,81.25,21.695945945945947,1439.0,124.0,11.60483870967742,372.0,116.0,3.206896551724138,334.0,117.0,2.8547008547008548
1630560,Cam Thomas,2021,27,Louisiana State,College/University,77.75,,82.5,,1012.0,94.0,10.76595744680851,132.0,66.0,2.0,235.0,90.0,2.611111111111111
1630531,Jaden Springer,2021,28,Tennessee,College/University,75.0,202.0,79.75,25.24551111111111,76.0,18.0,4.222222222222222,14.0,11.0,1.2727272727272727,28.0,16.0,1.75
1630549,Day'Ron Sharpe,2021,29,North Carolina,College/University,77.75,,82.5,,421.0,60.0,7.016666666666667,46.0,27.0,1.7037037037037037,343.0,66.0,5.196969696969697
1630583,Santi Aldama,2021,30,Loyola-Maryland,College/University,,,,,817.0,98.0,8.33673469387755,117.0,72.0,1.625,463.0,101.0,4.584158415841584
1631094,Paolo Banchero,2022,1,Duke,College/University,77.75,,82.5,,1401.0,71.0,19.732394366197184,250.0,69.0,3.6231884057971016,483.0,71.0,6.802816901408451
1631096,Chet Holmgren,2022,2,Gonzaga,College/University,77.75,,82.5,,,,,,,,,,
1631095,Jabari Smith Jr.,2022,3,Auburn,College/University,77.75,,82.5,,880.0,70.0,12.571428571428571,84.0,50.0,1.68,500.0,70.0,7.142857142857143
1631099,Keegan Murray,2022,4,Iowa,College/University,77.75,,82.5,,1012.0,81.0,12.493827160493828,95.0,59.0,1.6101694915254237,396.0,81.0,4.888888888888889
1631093,Jaden Ivey,2022,5,Purdue,College/University,77.75,,82.5,,1067.0,66.0,16.166666666666668,347.0,64.0,5.421875,263.0,65.0,4.046153846153846
1631097,Bennedict Mathurin,2022,6,Arizona,College/University,76.5,204.6,81.0,24.57752146610278,1206.0,69.0,17.47826086956522,102.0,49.0,2.0816326530612246,298.0,68.0,4.382352941176471
1631101,Shaedon Sharpe,2022,7,Kentucky,College/University,76.25,198.0,83.5,23.940919107766728,797.0,76.0,10.486842105263158,93.0,44.0,2.1136363636363638,234.0,77.0,3.038961038961039
1630700,Dyson Daniels,2022,8,Ignite (G League),Other Team/Club,78.0,195.2,82.5,22.555161078238,253.0,45.0,5.622222222222222,141.0,50.0,2.82,202.0,54.0,3.740740740740741
1631110,Jeremy Sochan,2022,9,Baylor,College/University,77.75,,82.5,,567.0,51.0,11.117647058823529,132.0,49.0,2.693877551020408,289.0,54.0,5.351851851851852
1631098,Johnny Davis,2022,10,Wisconsin,College/University,76.25,196.4,80.5,23.747457135178717,153.0,21.0,7.285714285714286,29.0,14.0,2.0714285714285716,70.0,18.0,3.888888888888889
1631172,Ousmane Dieng,2022,11,Breakers (New Zealand),Other Team/Club,77.75,,82.5,,232.0,30.0,7.733333333333333,52.0,26.0,2.0,114.0,36.0,3.1666666666666665
1631114,Jalen Williams,2022,12,Santa Clara,College/University,76.5,209.2,86.25,25.130095262505876,1047.0,76.0,13.776315789473685,254.0,72.0,3.5277777777777777,331.0,70.0,4.728571428571429
1631105,Jalen Duren,2022,13,Memphis,College/University,77.75,,82.5,,539.0,58.0,9.293103448275861,60.0,32.0,1.875,549.0,57.0,9.631578947368421
1630534,Ochai Agbaji,2022,14,Kansas,College/University,76.5,214.4,82.0,25.75474390191807,460.0,47.0,9.787234042553191,64.0,32.0,2.0,118.0,48.0,2.4583333333333335
1630534,Ochai Agbaji,2022,14,Kansas,College/University,76.5,216.8,82.25,26.04304327395446,460.0,47.0,9.787234042553191,64.0,32.0,2.0,118.0,48.0,2.4583333333333335
1631109,Mark Williams,2022,15,Duke,College/University,84.0,242.4,90.5,24.150680272108847,353.0,40.0,8.825,17.0,12.0,1.4166666666666667,283.0,41.0,6.902439024390244
1631100,AJ Griffin,2022,16,Duke,College/University,77.75,,82.5,,603.0,66.0,9.136363636363637,67.0,42.0,1.5952380952380953,147.0,58.0,2.5344827586206895
1631106,Tari Eason,2022,17,Louisiana State,College/University,78.75,217.4,86.0,24.644144116906023,738.0,75.0,9.84,84.0,50.0,1.68,460.0,76.0,6.052631578947368
1631207,Dalen Terry,2022,18,Arizona State,College/University,78.0,195.2,84.75,22.555161078238,94.0,21.0,4.476190476190476,30.0,16.0,1.875,45.0,20.0,2.25
1631222,Jake LaRavia,2022,19,Wake Forest,College/University,78.75,227.2,81.5,25.755057697152935,110.0,18.0,6.111111111111111,19.0,12.0,1.5833333333333333,61.0,21.0,2.9047619047619047
1631103,Malaki Branham,2022,20,Ohio State,College/University,76.0,194.8,82.0,23.70921052631579,631.0,60.0,10.516666666666667,123.0,56.0,2.1964285714285716,168.0,55.0,3.0545454545454547
1631128,Christian Braun,2022,21,Kansas,College/University,77.5,209.2,78.5,24.485760665972947,424.0,68.0,6.235294117647059,69.0,41.0,1.6829268292682926,216.0,74.0,2.918918918918919
1631117,Walker Kessler,2022,22,Auburn,College/University,84.25,256.0,88.25,25.35452456216045,663.0,70.0,9.471428571428572,67.0,45.0,1.488888888888889,602.0,72.0,8.36111111111111
1631223,David Roddy,2022,23,Colorado State,College/University,76.5,260.8,83.5,31.328531761288392,452.0,60.0,7.533333333333333,59.0,39.0,1.5128205128205128,196.0,66.0,2.9696969696969697
1630699,MarJon Beauchamp,2022,24,Ignite (G League),Other Team/Club,77.25,196.6,84.75,23.160176370167886,284.0,41.0,6.926829268292683,39.0,22.0,1.7727272727272727,125.0,41.0,3.048780487804878
1631104,Blake Wesley,2022,25,Notre Dame,College/University,75.0,187.2,81.25,23.39584,177.0,31.0,5.709677419354839,89.0,30.0,2.966666666666667,81.0,27.0,3.0
1631111,Wendell Moore Jr.,2022,26,Duke,College/University,76.25,217.2,84.5,26.262462778822897,46.0,12.0,3.8333333333333335,20.0,13.0,1.5384615384615385,16.0,10.0,1.6
1631107,Nikola Jovic,2022,27,KK Mega Leks (Serbia),Other Team/Club,81.5,222.6,84.25,23.559456509465917,126.0,17.0,7.411764705882353,20.0,8.0,2.5,59.0,16.0,3.6875
1631116,Patrick Baldwin Jr.,2022,28,Wisconsin-Milwaukee,College/University,81.25,230.8,85.75,24.577878343195266,158.0,23.0,6.869565217391305,15.0,12.0,1.25,57.0,24.0,2.375
1631102,TyTy Washington Jr.,2022,29,Kentucky,College/University,74.25,196.4,80.0,25.04401138205852,159.0,26.0,6.115384615384615,50.0,19.0,2.6315789473684212,45.0,21.0,2.142857142857143
1631212,Peyton Watson,2022,30,California-Los Angeles,College/University,78.75,203.4,84.5,23.05712471655329,96.0,19.0,5.052631578947368,16.0,8.0,2.0,47.0,16.0,2.9375
1641705,Victor Wembanyama,2023,1,Metropolitans 92 (France),Other Team/Club,77.75,,82.5,,,,,,,,,,
1641706,Brandon Miller,2023,2,Alabama,College/University,77.75,,82.5,,,,,,,,,,
1630703,Scoot Henderson,2023,3,Ignite (G League),Other Team/Club,77.75,,82.5,,,,,,,,,,
1641708,Amen Thompson,2023,4,Overtime Elite,Other Team/Club,77.75,214.2,84.0,24.910015405134356,,,,,,,,,
1641709,Ausar Thompson,2023,5,Overtime Elite,Other Team/Club,77.75,218.2,84.0,25.375188428572905,,,,,,,,,
1641710,Anthony Black,2023,6,Arkansas,College/University,77.75,210.0,79.5,24.421583730523878,,,,,,,,,
1641731,Bilal Coulibaly,2023,7,Metropolitans 92 (France),Other Team/Club,77.75,,82.5,,,,,,,,,,
1641716,Jarace Walker,2023,8,Houston,College/University,78.5,248.6,86.5,28.360712402125845,,,,,,,,,
1641707,Taylor Hendricks,2023,9,Central Florida,College/University,80.25,213.6,84.5,23.31666812239788,,,,,,,,,
1641717,Cason Wallace,2023,10,Kentucky,College/University,74.5,195.2,80.5,24.724219629746408,,,,,,,,,
1641724,Jett Howard,2023,11,Michigan,College/University,77.75,,82.5,,,,,,,,,,
1641726,Dereck Lively II,2023,12,Duke,College/University,77.75,,82.5,,,,,,,,,,
1641711,Gradey Dick,2023,13,Kansas,College/University,78.25,204.0,80.75,23.42161295920138,,,,,,,,,
1641722,Jordan Hawkins,2023,14,Connecticut,College/University,76.25,186.0,78.75,22.489954313356623,,,,,,,,,
1641723,Kobe Bufkin,2023,15,Michigan,College/University,76.25,186.8,79.75,22.58668529965063,,,,,,,,,
1641718,Keyonte George,2023,16,Baylor,College/University,77.75,,82.5,,,,,,,,,,
1641720,Jalen Hood-Schifino,2023,17,Indiana,College/University,76.25,216.6,82.25,26.18991453910239,,,,,,,,,
1631170,Jaime Jaquez Jr.,2023,18,California-Los Angeles,College/University,78.0,226.4,81.5,26.160289283366208,,,,,,,,,
1641764,Brandin Podziemski,2023,19,Santa Clara,College/University,75.75,203.8,77.5,24.968602206755328,,,,,,,,,
1641715,Cam Whitmore,2023,20,Villanova,College/University,77.75,235.0,80.5,27.328915127014817,,,,,,,,,
1641730,Noah Clowney,2023,21,Alabama,College/University,77.75,,82.5,,,,,,,,,,
1641727,Dariq Whitehead,2023,22,Duke,College/University,77.75,217.2,82.25,25.25889517271327,,,,,,,,,
1631200,Kris Murray,2023,23,Iowa,College/University,79.75,212.8,83.75,23.521529859179843,,,,,,,,,
1641765,Olivier-Maxence Prosper,2023,24,Marquette,College/University,78.75,212.4,85.0,24.077351473922903,,,,,,,,,
1631204,Marcus Sasser,2023,25,Houston,College/University,77.75,,82.5,,,,,,,,,,
1631204,Marcus Sasser,2023,25,Houston,College/University,73.25,195.6,79.0,25.6276578643898,,,,,,,,,
1641767,Ben Sheppard,2023,26,Belmont,College/University,77.25,194.6,79.75,22.924569286035965,,,,,,,,,
1641733,Nick Smith Jr.,2023,27,Arkansas,College/University,77.75,,82.5,,,,,,,,,,
1641729,Brice Sensabaugh,2023,28,Ohio State,College/University,77.75,,82.5,,,,,,,,,,
1631124,Julian Strawther,2023,29,Gonzaga,College/University,77.75,207.6,81.5,24.142479916460747,,,,,,,,,
1631124,Julian Strawther,2023,29,Gonzaga,College/University,78.0,208.8,81.25,24.12662721893491,,,,,,,,,
1641738,Kobe Brown,2023,30,Missouri,College/University,78.5,252.2,84.75,28.77140654793298,,,,,,,,,
